term_id,term
0,laurin
1,gorini
2,imaginari
3,ciccioli
4,clientel
5,gualdo
6,track
7,giusepp
8,moi
9,detract
10,rebuilt
11,countless
12,stud
13,illumin
14,canapé
15,spectacl
16,emerg
17,home
18,cityscap
19,sprout
20,bordo
21,imit
22,involv
23,galileo
24,piombino
25,trade
26,fireplac
27,hilli
28,verdant
29,freedom
30,cicchetteria
31,arva
32,bresaola
33,metallifer
34,tino
35,campagna
36,everyday
37,island
38,excelsior
39,promot
40,bread
41,petrosino
42,airaudo
43,cap
44,ventur
45,bartolo
46,honor
47,ban
48,maturato
49,mezzanin
50,left
51,chemistri
52,someth
53,caciucco
54,olio
55,sassi
56,mild
57,gentian
58,tyrrhenian
59,bacari
60,grand
61,castraur
62,busi
63,negra
64,vaiani
65,gli
66,bergamasca
67,height
68,melandri
69,document
70,gift
71,plissn
72,depend
73,gennaro
74,council
75,zaki
76,opt
77,boeri
78,framework
79,dashi
80,cool
81,dedic
82,agnelli
83,revolv
84,cedron
85,stack
86,mare
87,vincent
88,puff
89,groan
90,réva
91,flere
92,sourdough
93,conclus
94,canino
95,devoto
96,borag
97,twist
98,ventimiglia
99,small
100,ziantoni
101,mart
102,myrtleberri
103,bassa
104,comic
105,satnav
106,commerci
107,arabo
108,perla
109,ruffano
110,scratch
111,ronchi
112,within
113,latter
114,banal
115,kimchi
116,patrignano
117,weak
118,1693
119,momento
120,chair
121,nondescript
122,playground
123,tajarin
124,vicenza
125,alzaia
126,baba
127,londr
128,kombu
129,profil
130,furnitur
131,umberto
132,finest
133,explain
134,brunner
135,sauna
136,pierantonio
137,città
138,masterpiec
139,lagrein
140,wider
141,flight
142,ottagono
143,tuff
144,tuck
145,ownership
146,charcuteri
147,arnei
148,concept
149,supplement
150,beatric
151,jewel
152,contigliano
153,clue
154,massimo
155,cosylittl
156,mandura
157,crafun
158,popular
159,grandpar
160,stelio
161,attimi
162,network
163,eben
164,romagna
165,ora
166,appetit
167,microcosm
168,demonstr
169,breath
170,bed
171,alcohol
172,serra
173,bernes
174,prestigi
175,tenet
176,belli
177,ten
178,aperitif
179,spill
180,naturalité
181,insid
182,università
183,lidia
184,suili
185,scamardella
186,suprem
187,opra
188,torta
189,catania
190,paragon
191,verpai
192,side
193,aulenti
194,orsoburg
195,beef
196,amaranth
197,ferretto
198,vill
199,ox
200,ancestr
201,marecchia
202,roof
203,cacciani
204,dori
205,som
206,peach
207,orchestra
208,borlotti
209,2024quarto
210,gragnano
211,seen
212,ennio
213,broken
214,eventu
215,girasoli
216,klaud
217,ventricina
218,supper
219,merano
220,ampl
221,lai
222,soup
223,varieti
224,practis
225,stagional
226,authorit
227,livestock
228,arlecchino
229,cavi
230,laetitia
231,millston
232,boathous
233,vegetal
234,lana
235,chicori
236,wasabi
237,garibaldi
238,luserna
239,sbira
240,prino
241,bream
242,intric
243,cotoletta
244,angelo
245,valid
246,leon
247,junction
248,saltwort
249,reggiana
250,mortandela
251,coxinendi
252,bassi
253,pari
254,husband
255,pickl
256,gondolieri
257,cheaper
258,high
259,colmetto
260,mandra
261,pontino
262,make
263,cannolo
264,mustard
265,emanuel
266,liver
267,monferrato
268,bolgheri
269,navona
270,1934
271,intertwin
272,us
273,elabor
274,marmi
275,pintadera
276,controversi
277,signor
278,umbrin
279,respit
280,fruit
281,amaro
282,embark
283,falanghina
284,adept
285,nerina
286,local
287,vehicl
288,varaita
289,meadow
290,cedro
291,therasia
292,kuroda
293,wholem
294,snail
295,monasteri
296,improvis
297,favorita
298,cosmo
299,convers
300,persuad
301,instruct
302,leopoldo
303,disguis
304,cuomo
305,gate
306,trendier
307,1926
308,sansepolcro
309,sever
310,draw
311,scalinata
312,loggia
313,1800s
314,oil
315,gualtieri
316,orvieto
317,cotton
318,anima
319,marri
320,stephan
321,magro
322,shadi
323,horatio
324,prettiest
325,rizzuto
326,orang
327,easi
328,stanzion
329,3c
330,indigo
331,idea
332,benedetto
333,cabbag
334,ovo
335,tret
336,lit
337,stüa
338,counterpart
339,rampant
340,frattaubread
341,stefania
342,capo
343,quinson
344,slaughterhous
345,circular
346,everyon
347,exot
348,stucco
349,casatiello
350,glaze
351,drink
352,montagna
353,dug
354,dal
355,glad
356,confit
357,stelvio
358,velveti
359,april
360,infin
361,neat
362,benaco
363,earn
364,lucki
365,rosita
366,panissa
367,porchetta
368,2003
369,passion
370,guilio
371,scabin
372,prolong
373,near
374,agavi
375,vivalda
376,dairi
377,verbania
378,frisell
379,creeper
380,merlot
381,determin
382,carlo
383,geiser
384,tranquil
385,fondaco
386,michelangelo
387,paola
388,migrant
389,fortress
390,gaio
391,isol
392,tufa
393,specialis
394,colorata
395,slice
396,sosta
397,padova
398,rosa
399,crumb
400,vegetariano
401,difficulti
402,nardini
403,roy
404,cantafio
405,stuff
406,moma
407,brais
408,cetona
409,manuela
410,build
411,purpos
412,risen
413,equinozio
414,solaria
415,opitergium
416,patch
417,era
418,trio
419,salesman
420,truli
421,reinterpret
422,minori
423,quail
424,gilberto
425,louis
426,sizzl
427,imagin
428,marra
429,mirazur
430,intesa
431,fairytal
432,mallard
433,neri
434,rubiera
435,baciadonn
436,admiss
437,larossa
438,caramel
439,sushi
440,horizon
441,qcina
442,solaika
443,sleep
444,last
445,convivi
446,voghera
447,aesthet
448,jewish
449,reminisc
450,still
451,albaro
452,bergamo
453,majolica
454,competit
455,rocket
456,gondola
457,just
458,volcano
459,big
460,ethnic
461,trabetti
462,flexibl
463,sinuous
464,stuf
465,imperi
466,denomin
467,congeni
468,enorm
469,urban
470,sangioves
471,dock
472,given
473,palmento
474,satisfi
475,harvest
476,wagyubeef
477,encourag
478,scottona
479,nebrodi
480,lanss
481,associ
482,sordi
483,glamor
484,stray
485,20
486,ionian
487,qualiti
488,pescocostanzo
489,pig
490,hope
491,mantra
492,theme
493,sergeev
494,barisano
495,spici
496,switzerland
497,lamb
498,vers
499,travel
500,price
501,waffl
502,dens
503,welfar
504,arcangelo
505,antonella
506,isabella
507,golden
508,chicco
509,terracotta
510,cum
511,carrello
512,fulli
513,certain
514,bone
515,email
516,feltr
517,acquolina
518,canocchia
519,sear
520,affogato
521,leek
522,polenta
523,intoler
524,bouch
525,beauti
526,bluefin
527,bonfadini
528,ambiental
529,pranzo
530,rapini
531,began
532,ag
533,sofa
534,philosoph
535,preposit
536,mattei
537,sapid
538,lapland
539,diario
540,violetta
541,aurina
542,sorbet
543,tortellini
544,pastri
545,barn
546,slowli
547,nutriti
548,vanacor
549,procedur
550,oneglia
551,breton
552,sfogliatina
553,60km
554,asado
555,authent
556,hill
557,dream
558,piec
559,bourbon
560,well
561,pizzi
562,step
563,catinaccio
564,ivrea
565,campanian
566,rememb
567,nonna
568,panna
569,urquiola
570,spinechil
571,obsess
572,indefatig
573,frammenti
574,neapolitan
575,outing
576,alain
577,expect
578,guesthous
579,dio
580,cash
581,pell
582,storehous
583,count
584,lavagna
585,younger
586,barbato
587,felic
588,vallio
589,ortisei
590,agriturismo
591,great
592,baldassar
593,strawberri
594,understand
595,eas
596,winner
597,malcesin
598,panoram
599,eugenia
600,bue
601,chignola
602,candlelit
603,meravigliao
604,catucci
605,stun
606,hue
607,cacer
608,shiroya
609,june
610,pub
611,il
612,glass
613,gentl
614,multi
615,au
616,zass
617,fumiko
618,lentil
619,parretti
620,firm
621,perticara
622,page
623,broaden
624,feel
625,role
626,grappa
627,malloreddus
628,chalet
629,rocchetti
630,hibiscus
631,arriv
632,conjur
633,dei
634,mes
635,cloister
636,bob
637,heritag
638,corso
639,relax
640,varella
641,bologna
642,tofan
643,say
644,asti
645,grappoli
646,molaro
647,taragna
648,monica
649,casual
650,globe
651,iacopo
652,fernando
653,custard
654,esperienz
655,brioch
656,meucci
657,bottl
658,numer
659,handmad
660,grassi
661,biuso
662,gourmethotel
663,fabbro
664,forgiv
665,couscous
666,relief
667,lombardi
668,vault
669,gremolata
670,artemid
671,meet
672,90
673,superbl
674,jus
675,corbusi
676,bend
677,beneath
678,1704
679,voyag
680,moena
681,recycl
682,verdi
683,ingles
684,scaligero
685,fellow
686,career
687,piano
688,sicilian
689,burba
690,bartolucci
691,porter
692,brembo
693,princip
694,contrada
695,cicchetti
696,fishmong
697,mirko
698,bruno
699,philip
700,lanzagallo
701,focaccia
702,anna
703,wall
704,fan
705,bari
706,modifi
707,25th
708,natur
709,courmayeur
710,pedestrianis
711,carracci
712,circella
713,least
714,garattoni
715,adènzia
716,banner
717,abruzzo
718,nduja
719,tin
720,spezia
721,blancmang
722,delizi
723,stove
724,start
725,rio
726,lankan
727,showroom
728,tubladel
729,sweden
730,crippa
731,disappear
732,arsenal
733,lodg
734,specialist
735,chimichurri
736,bacchus
737,marchigiana
738,sat
739,giuseppa
740,inmat
741,influenc
742,ercol
743,poetri
744,commend
745,food
746,quick
747,hermitag
748,sassolungo
749,cistern
750,pastiera
751,streamlin
752,apt
753,bolzano
754,sudden
755,basilica
756,girl
757,purist
758,tuesday
759,carricant
760,fabric
761,crest
762,minut
763,newli
764,ornament
765,character
766,generous
767,fit
768,iberian
769,edg
770,pompei
771,convey
772,method
773,vero
774,joint
775,lead
776,caravello
777,foothil
778,unavoid
779,mascia
780,settepiatti
781,bastion
782,movi
783,sannio
784,except
785,beretta
786,lemon
787,parco
788,monfettini
789,interact
790,ugento
791,palumbo
792,1895
793,baja
794,salar
795,candel
796,coll
797,guà
798,1877
799,wheel
800,requir
801,barbecu
802,toulà
803,wealth
804,4
805,vares
806,fail
807,buchteln
808,reclam
809,theatric
810,healthi
811,campsit
812,fertil
813,ladinia
814,operaia
815,sorrento
816,proven
817,astra
818,front
819,inter
820,pepper
821,accent
822,pamper
823,aversa
824,schlutzkrapfen
825,citrus
826,federica
827,written
828,sapio
829,referenc
830,galeata
831,pictur
832,predict
833,histori
834,caserta
835,5km
836,concentr
837,servizio
838,factori
839,tempura
840,campiello
841,happili
842,iconica
843,pisani
844,bitter
845,appetis
846,mussel
847,lazzarini
848,english
849,cun
850,parsley
851,christma
852,bros
853,adrià
854,alajmo
855,sophist
856,gong
857,cliff
858,bernardi
859,pappardell
860,reward
861,melt
862,patti
863,positano
864,contemporari
865,michael
866,catalogu
867,ride
868,siracusa
869,polda
870,savona
871,mattia
872,viaggi
873,juri
874,taral
875,teapot
876,zazzara
877,ball
878,condiment
879,lugano
880,tour
881,fiorentina
882,instagram
883,keyword
884,parker
885,piadin
886,vallefredda
887,à
888,nicolosi
889,aristocraci
890,citi
891,cajun
892,visual
893,champion
894,garda
895,top
896,homemad
897,craft
898,mention
899,dallamano
900,innocenti
901,alongsid
902,strong
903,emin
904,lacco
905,toro
906,eel
907,oxidis
908,cacio
909,eliseo
910,enthusiasm
911,loung
912,rana
913,sweet
914,central
915,kistè
916,ferment
917,triumph
918,capon
919,verbena
920,provenc
921,rho
922,alpago
923,rule
924,landi
925,ravinetto
926,skewer
927,35
928,allow
929,salento
930,ancient
931,quattro
932,number
933,passag
934,renaiss
935,impos
936,montanari
937,pull
938,pipe
939,salama
940,lucassino
941,nolinski
942,camillo
943,accolla
944,120
945,experiment
946,lid
947,campobello
948,north
949,saltimbocca
950,1995
951,regal
952,decept
953,adjac
954,caltagiron
955,fiordilatt
956,l
957,maremma
958,vicentina
959,supervis
960,maximum
961,vecchia
962,cesenatico
963,vigevano
964,sabino
965,pleasant
966,esplanad
967,10pm
968,chicken
969,dant
970,classici
971,gabicc
972,class
973,acacia
974,lombardo
975,attilio
976,vermouth
977,destroy
978,eastern
979,compet
980,20menu
981,dome
982,bell
983,tandoori
984,agricultur
985,energet
986,philipp
987,either
988,schio
989,mozzarella
990,1882
991,esordi
992,tonola
993,even
994,indoor
995,highest
996,salicornia
997,cosmopolitan
998,underground
999,enter
1000,sri
1001,muse
1002,pour
1003,splendid
1004,unesco
1005,may
1006,two
1007,predilect
1008,cagliari
1009,1250
1010,suggestioni
1011,rabbit
1012,leaf
1013,struck
1014,euro
1015,stracciatella
1016,spheric
1017,grill
1018,fritta
1019,fazio
1020,asia
1021,effect
1022,diffuso
1023,unpretenti
1024,viviana
1025,lane
1026,caraf
1027,barg
1028,valu
1029,california
1030,toku
1031,athlet
1032,ink
1033,succumb
1034,fondovall
1035,sensazioni
1036,raspberri
1037,previous
1038,protect
1039,erbazzon
1040,cattaneo
1041,col
1042,reinforc
1043,n
1044,magic
1045,offici
1046,sceneri
1047,discoveri
1048,procida
1049,itinerari
1050,bentivoglio
1051,nostr
1052,fattoria
1053,cracker
1054,samboseto
1055,madonnina
1056,takahiko
1057,preserv
1058,giustino
1059,malp
1060,mantarro
1061,fatti
1062,arrigoni
1063,santi
1064,imprint
1065,vendemmia
1066,mosaic
1067,eschew
1068,bowerman
1069,meaning
1070,mazzara
1071,express
1072,castel
1073,dv
1074,florian
1075,immedi
1076,glimps
1077,seta
1078,lazian
1079,maria
1080,garbanzo
1081,broader
1082,mao
1083,rovati
1084,costoletta
1085,crumbl
1086,quintero
1087,corbara
1088,bronzo
1089,becom
1090,aeolian
1091,duchess
1092,asiago
1093,costantino
1094,vitel
1095,francesco
1096,corpo
1097,current
1098,grown
1099,pollock
1100,sella
1101,sa
1102,hazel
1103,treat
1104,tristan
1105,raphaël
1106,marubini
1107,seventh
1108,52
1109,featur
1110,similar
1111,drawn
1112,scarallo
1113,evok
1114,palluda
1115,reliabl
1116,refug
1117,zero
1118,petit
1119,salti
1120,filia
1121,meantim
1122,personalis
1123,nervi
1124,egon
1125,superior
1126,brasseri
1127,vinei
1128,ghirlanda
1129,privat
1130,treviso
1131,suzzara
1132,lunchtim
1133,poppi
1134,long
1135,fino
1136,artist
1137,complic
1138,shellfish
1139,franciacorta
1140,montes
1141,meanwhil
1142,cahssai
1143,flow
1144,vegan
1145,indiniò
1146,organ
1147,encompass
1148,placemat
1149,cardoon
1150,sashimi
1151,term
1152,bravaccini
1153,nuova
1154,hidalgo
1155,shrine
1156,trademark
1157,mathia
1158,11c
1159,highlight
1160,azienda
1161,thought
1162,castelvetro
1163,hintner
1164,ventresca
1165,respons
1166,leocorno
1167,zabaion
1168,sitzigorrus
1169,explod
1170,split
1171,beat
1172,bollat
1173,pesto
1174,rein
1175,perspect
1176,flatbread
1177,six
1178,stuffi
1179,search
1180,24hrs
1181,barrel
1182,appear
1183,palermo
1184,ginger
1185,mar
1186,garden
1187,boast
1188,sight
1189,tokuyoshi
1190,flaiano
1191,petra
1192,macello
1193,siena
1194,carnian
1195,beach
1196,under
1197,mura
1198,flaminio
1199,quarter
1200,pachino
1201,fuoco
1202,felix
1203,lanteri
1204,tidi
1205,chessa
1206,without
1207,ricchebuono
1208,elba
1209,salomon
1210,martina
1211,homeland
1212,orob
1213,500
1214,sesso
1215,export
1216,gorgonzola
1217,heiss
1218,bento
1219,giacomo
1220,vitantonio
1221,maqui
1222,sgrò
1223,giovan
1224,crisci
1225,exclud
1226,cattl
1227,crow
1228,tortino
1229,700
1230,net
1231,fortana
1232,surgic
1233,bufi
1234,receiv
1235,iaccarino
1236,laden
1237,ramata
1238,murg
1239,baglieri
1240,cumin
1241,fulfil
1242,rapolano
1243,cannonau
1244,mari
1245,lefay
1246,mauricio
1247,nass
1248,backlit
1249,put
1250,saporium
1251,refer
1252,spirit
1253,oven
1254,2014
1255,known
1256,capodifium
1257,scarpetta
1258,94
1259,dusti
1260,alfonso
1261,overal
1262,textil
1263,fish
1264,francesca
1265,11
1266,griffa
1267,chees
1268,intensifi
1269,pow
1270,stabl
1271,sibillini
1272,cod
1273,riscoperta
1274,1880
1275,leccarda
1276,theatr
1277,mayr
1278,fool
1279,bygon
1280,profici
1281,gyoza
1282,confini
1283,beluga
1284,henri
1285,gerhard
1286,palomba
1287,prosper
1288,fishbon
1289,scelta
1290,tablet
1291,nadia
1292,breakfast
1293,termeno
1294,rice
1295,limeston
1296,vs
1297,birramisù
1298,jealous
1299,mareand
1300,1913
1301,trentingrana
1302,expos
1303,head
1304,tuna
1305,corn
1306,research
1307,serva
1308,label
1309,length
1310,isarco
1311,gioconda
1312,ember
1313,complement
1314,manufactur
1315,doze
1316,miranes
1317,imbu
1318,brickwork
1319,tenuta
1320,journey
1321,kaluga
1322,dario
1323,taurasi
1324,extend
1325,found
1326,march
1327,trattoria
1328,colder
1329,saracca
1330,challeng
1331,prelud
1332,trust
1333,rehabilit
1334,farewel
1335,zanasi
1336,pasquo
1337,bachelor
1338,conchiglioni
1339,langosteria
1340,parizzi
1341,toledo
1342,vipiteno
1343,c
1344,iva
1345,salcheto
1346,sea
1347,monteriggioni
1348,gilmozzi
1349,discov
1350,luigia
1351,zunica
1352,offanengo
1353,pascal
1354,uliveto
1355,troop
1356,planeta
1357,genoa
1358,raviolo
1359,cascinalenuovo
1360,mind
1361,sorbir
1362,harbour
1363,kevin
1364,tournedo
1365,pecorino
1366,cannoli
1367,brainchild
1368,recanati
1369,bolognina
1370,mandatori
1371,passignano
1372,fiat
1373,tall
1374,skier
1375,invent
1376,costa
1377,menù
1378,romano
1379,junior
1380,border
1381,file
1382,zone
1383,pride
1384,arancina
1385,russi
1386,beetroot
1387,tune
1388,industri
1389,1126
1390,sulmona
1391,crêuza
1392,fontanafredda
1393,omaggio
1394,teem
1395,fa
1396,peanut
1397,abroad
1398,paves
1399,chianti
1400,gnocchetti
1401,magredi
1402,case
1403,eleven
1404,joia
1405,murges
1406,bacio
1407,coda
1408,saturday
1409,mudec
1410,vieni
1411,ossobuco
1412,falconier
1413,wave
1414,arborina
1415,montepulciano
1416,scene
1417,santandrea
1418,jasmin
1419,brisket
1420,terrin
1421,captiv
1422,compatriot
1423,slovenian
1424,color
1425,coconut
1426,maccheroni
1427,ruin
1428,gâteau
1429,broad
1430,stylemora
1431,permeat
1432,indic
1433,restuar
1434,milon
1435,faveri
1436,bluh
1437,innov
1438,onion
1439,fare
1440,stood
1441,avino
1442,fallen
1443,byron
1444,petriolo
1445,ristretto
1446,involtino
1447,montecristo
1448,salsa
1449,integr
1450,wit
1451,visit
1452,abbattista
1453,ivano
1454,prosecco
1455,insist
1456,rovereto
1457,luciano
1458,verd
1459,zecchin
1460,torrisi
1461,extravag
1462,indian
1463,angiolucci
1464,foam
1465,venissa
1466,milazzo
1467,real
1468,cereal
1469,laura
1470,dice
1471,dresser
1472,schito
1473,hearti
1474,platform
1475,ugo
1476,bernardo
1477,enough
1478,learnt
1479,sonya
1480,brutto
1481,lili
1482,andora
1483,livia
1484,massimiliano
1485,noli
1486,ripetta
1487,radish
1488,blackboard
1489,tropea
1490,caramelis
1491,third
1492,ricotta
1493,tuma
1494,cantina
1495,powder
1496,cala
1497,week
1498,mandilli
1499,ala
1500,legendari
1501,corfu
1502,kratter
1503,termini
1504,anise
1505,parisian
1506,impress
1507,claudio
1508,gourmet
1509,margherita
1510,frutti
1511,senes
1512,gianni
1513,train
1514,verona
1515,railway
1516,inherit
1517,help
1518,robust
1519,herb
1520,duti
1521,excess
1522,cagliaritana
1523,ran
1524,weekday
1525,dolc
1526,gramigna
1527,lake
1528,grasparossa
1529,trail
1530,burger
1531,lovag
1532,gleam
1533,oscar
1534,punctual
1535,angiolieri
1536,rooftop
1537,essenti
1538,imposs
1539,rebellion
1540,50
1541,refresh
1542,caravaggio
1543,beata
1544,heavi
1545,lowland
1546,kind
1547,nut
1548,mel
1549,england
1550,collect
1551,remulass
1552,satisfact
1553,hold
1554,ever
1555,vedel
1556,domodossola
1557,chef
1558,worri
1559,sandra
1560,pear
1561,mullet
1562,fritto
1563,mazzini
1564,venezia
1565,care
1566,dietro
1567,silvana
1568,mezz
1569,revisit
1570,tradizion
1571,zuppa
1572,rug
1573,appropri
1574,sculpt
1575,grape
1576,dinner
1577,zhou
1578,check
1579,carriag
1580,reassur
1581,surfboard
1582,rapa
1583,scoprir
1584,abil
1585,bridg
1586,missoltino
1587,stroll
1588,richard
1589,backdrop
1590,taglienti
1591,metronom
1592,ischian
1593,peppino
1594,cernobbio
1595,tip
1596,nearest
1597,caciocavallo
1598,cavalieri
1599,classic
1600,cauliflow
1601,vall
1602,antiqu
1603,da
1604,figur
1605,pois
1606,capocollo
1607,ristorant
1608,justifi
1609,orangeri
1610,button
1611,exact
1612,worth
1613,stool
1614,photographi
1615,delic
1616,green
1617,rebosio
1618,casserol
1619,enea
1620,french
1621,birthday
1622,lorena
1623,sensat
1624,yuyo
1625,dusk
1626,barbanera
1627,dissect
1628,goe
1629,char
1630,200th
1631,hamachi
1632,carpentri
1633,gioie
1634,ramen
1635,lover
1636,1885
1637,junip
1638,forc
1639,cassoeula
1640,1800
1641,observ
1642,send
1643,sanremo
1644,ensur
1645,foie
1646,bain
1647,paradigma
1648,taverna
1649,luganega
1650,proprietà
1651,fragrant
1652,nordic
1653,agostini
1654,anoth
1655,candela
1656,degan
1657,novara
1658,creami
1659,need
1660,applaud
1661,maritozzo
1662,karim
1663,carmelo
1664,brodo
1665,pavement
1666,takeshi
1667,paestum
1668,arso
1669,dello
1670,breve
1671,cookwar
1672,dna
1673,alway
1674,push
1675,fiumicino
1676,compens
1677,bakeri
1678,evolv
1679,visconti
1680,baccala
1681,slow
1682,schneider
1683,sell
1684,coquus
1685,hair
1686,bagheria
1687,torr
1688,sarca
1689,built
1690,content
1691,cookeri
1692,plin
1693,matia
1694,marinad
1695,sand
1696,kursaal
1697,tad
1698,levi
1699,caponata
1700,juic
1701,infus
1702,heinrich
1703,clitunno
1704,calderino
1705,mio
1706,1961
1707,parkland
1708,orchestr
1709,expertis
1710,36
1711,dozen
1712,dell
1713,celeri
1714,balsam
1715,japan
1716,carnaghi
1717,perciasacchi
1718,practic
1719,romito
1720,subdu
1721,tortellant
1722,heart
1723,skate
1724,gratin
1725,gianduia
1726,inform
1727,harmoni
1728,belgian
1729,framura
1730,campidano
1731,brusson
1732,request
1733,upon
1734,subida
1735,forst
1736,fior
1737,acireal
1738,plaza
1739,colleoni
1740,rossini
1741,panzanella
1742,vintag
1743,vial
1744,assisi
1745,contact
1746,tespi
1747,umbertid
1748,gaze
1749,intens
1750,fezzardi
1751,giada
1752,degre
1753,forti
1754,tireless
1755,nurtur
1756,grifon
1757,angolo
1758,ochr
1759,poor
1760,lama
1761,quintogusto
1762,elong
1763,passageway
1764,burgundi
1765,1979
1766,burratina
1767,recco
1768,softer
1769,bid
1770,consist
1771,ellipsoid
1772,posit
1773,refin
1774,clime
1775,energi
1776,milda
1777,pennisi
1778,sangro
1779,deep
1780,fiorentinaopt
1781,abli
1782,zabaglion
1783,15
1784,brescian
1785,wafer
1786,laqua
1787,minestra
1788,calvisano
1789,exchang
1790,resolut
1791,roast
1792,trotter
1793,tonnè
1794,gamay
1795,barman
1796,rural
1797,bechamel
1798,arezzo
1799,aic
1800,ateli
1801,blanch
1802,milanes
1803,redefin
1804,regret
1805,commiss
1806,tench
1807,brother
1808,coratella
1809,nobl
1810,pile
1811,cortil
1812,somewhat
1813,zippl
1814,exist
1815,busier
1816,micro
1817,expo
1818,rear
1819,safari
1820,fisichella
1821,1971
1822,bulwark
1823,provola
1824,encyclopaed
1825,cousin
1826,contrast
1827,dull
1828,tordelli
1829,forth
1830,leemann
1831,edoardo
1832,gelato
1833,issu
1834,50m
1835,krèsio
1836,rout
1837,jamantè
1838,meringu
1839,stracotto
1840,bertoli
1841,giudia
1842,seggiano
1843,coastlin
1844,member
1845,rispoli
1846,ambiti
1847,mist
1848,credit
1849,cuisin
1850,cappelletti
1851,mazara
1852,unmistak
1853,fork
1854,greener
1855,cur
1856,albergo
1857,geographi
1858,bowl
1859,amor
1860,afternoon
1861,ad
1862,polish
1863,barberini
1864,cracco
1865,max
1866,scorpion
1867,idylio
1868,effort
1869,job
1870,actual
1871,nonetheless
1872,suquet
1873,execut
1874,elia
1875,posti
1876,mixtur
1877,mediterraneo
1878,transatlant
1879,banquet
1880,susanna
1881,incompar
1882,transumanza
1883,minim
1884,mandarin
1885,togeth
1886,pordenon
1887,valtellines
1888,miniato
1889,trend
1890,gianicolo
1891,puntarell
1892,marianna
1893,unit
1894,sassari
1895,annurca
1896,casano
1897,ri
1898,bressan
1899,flavour
1900,dall
1901,shadow
1902,terrac
1903,carlotta
1904,luigi
1905,hide
1906,quieter
1907,calett
1908,apricena
1909,crudo
1910,persimmon
1911,1920s
1912,outset
1913,glori
1914,marmot
1915,reggia
1916,fisheri
1917,retro
1918,lagoon
1919,vietri
1920,updat
1921,capitaneo
1922,landmark
1923,beli
1924,falzarego
1925,marineria
1926,porch
1927,uninterrupt
1928,milanesi
1929,terni
1930,castelli
1931,refriger
1932,stop
1933,reduc
1934,capanna
1935,ricci
1936,shift
1937,eighth
1938,ibla
1939,cantarelli
1940,metro
1941,morn
1942,abl
1943,cefalù
1944,beck
1945,tavern
1946,oh
1947,bellagio
1948,belt
1949,krug
1950,overflow
1951,morsi
1952,em
1953,elegant
1954,taught
1955,pasticcio
1956,entrust
1957,larch
1958,crust
1959,transfer
1960,barbequ
1961,anacapri
1962,troisi
1963,kelp
1964,camiano
1965,adler
1966,friuli
1967,lingotto
1968,aquarium
1969,blindfold
1970,golpaia
1971,ragu
1972,cantucci
1973,gazebo
1974,cutlet
1975,heroic
1976,ascani
1977,riesl
1978,bacoli
1979,paper
1980,weather
1981,honest
1982,note
1983,movimento
1984,set
1985,venetian
1986,masè
1987,giuliana
1988,grain
1989,biafora
1990,lungarno
1991,guardroom
1992,assist
1993,gae
1994,70
1995,ribey
1996,construct
1997,bite
1998,picnic
1999,costantini
2000,comandant
2001,di
2002,eala
2003,bark
2004,influenti
2005,beer
2006,hurri
2007,pacif
2008,casoncelli
2009,patron
2010,level
2011,bottega
2012,sibl
2013,bisqu
2014,lakesid
2015,alla
2016,tomato
2017,soccorso
2018,risoni
2019,viu
2020,lavazza
2021,array
2022,cossio
2023,bus
2024,reach
2025,order
2026,montefeltro
2027,sultana
2028,aglianico
2029,pompanin
2030,frill
2031,subject
2032,certosa
2033,narrowest
2034,proverbi
2035,mara
2036,dish
2037,airi
2038,favour
2039,gherardesca
2040,capestrano
2041,recent
2042,bàcaro
2043,quirinal
2044,castelmagno
2045,caoda
2046,refectori
2047,intend
2048,phone
2049,5pm
2050,candlelight
2051,evidenc
2052,dimora
2053,robuchon
2054,ducass
2055,oldest
2056,schingaro
2057,traffic
2058,baldessari
2059,half
2060,scordo
2061,1890
2062,concattedral
2063,prompt
2064,villa
2065,zen
2066,antonini
2067,fashion
2068,tyroles
2069,meroi
2070,today
2071,symbolis
2072,vet
2073,apostl
2074,resembl
2075,prove
2076,pair
2077,amus
2078,park
2079,joyc
2080,sauri
2081,neighbour
2082,zazzeri
2083,farnes
2084,riomaggior
2085,peninsula
2086,torsiello
2087,digestif
2088,salviati
2089,elefant
2090,misurina
2091,seeport
2092,storico
2093,na
2094,friend
2095,boundari
2096,longer
2097,reggio
2098,joyous
2099,josta
2100,barley
2101,enjoy
2102,outstand
2103,pacentro
2104,reserv
2105,taster
2106,spectrum
2107,faster
2108,giacchini
2109,cander
2110,50th
2111,charg
2112,absinth
2113,cremona
2114,site
2115,restaurateur
2116,baroqu
2117,properti
2118,age
2119,nascosto
2120,sprinkl
2121,badia
2122,sweetcorn
2123,cabinet
2124,succeed
2125,lecc
2126,shallot
2127,elev
2128,object
2129,gianfilippo
2130,often
2131,nonno
2132,gobbi
2133,pre
2134,pino
2135,liguria
2136,namelaka
2137,nazioni
2138,consequ
2139,pastel
2140,atyp
2141,napoli
2142,argentin
2143,beverag
2144,kuppelrain
2145,aloi
2146,battipaglia
2147,niko
2148,rubik
2149,branch
2150,costum
2151,silent
2152,barral
2153,purpl
2154,sit
2155,librari
2156,dessert
2157,brianza
2158,mupa
2159,chapel
2160,fumag
2161,gasthaus
2162,tackl
2163,georg
2164,diet
2165,prototyp
2166,piazzetta
2167,vegetarian
2168,extraordinari
2169,castello
2170,trafilata
2171,lomellina
2172,mä
2173,cibreo
2174,vucciria
2175,russian
2176,orto
2177,clusan
2178,pascucci
2179,said
2180,realiti
2181,acquir
2182,gnocchi
2183,activ
2184,pazientina
2185,british
2186,1984
2187,snowsho
2188,vasocottura
2189,pete
2190,grillo
2191,forlì
2192,gastronomi
2193,patagonian
2194,shade
2195,semifreddo
2196,semi
2197,whet
2198,nina
2199,4km
2200,pattern
2201,tild
2202,1912
2203,berruti
2204,icon
2205,process
2206,quadrilater
2207,moessmer
2208,acquarol
2209,column
2210,bulgari
2211,giasàra
2212,dynasti
2213,surround
2214,eleonora
2215,doria
2216,amidst
2217,spacious
2218,sirmion
2219,1945
2220,rhubarb
2221,enrico
2222,14c
2223,straw
2224,bandwagon
2225,fiamma
2226,maîtr
2227,ghedini
2228,sassicaia
2229,cultur
2230,bassano
2231,prior
2232,rome
2233,augusto
2234,1700
2235,convinc
2236,sein
2237,unsurpris
2238,promenad
2239,lengthi
2240,individu
2241,ti
2242,nod
2243,fresca
2244,lampascioni
2245,farmstead
2246,lend
2247,cegli
2248,municip
2249,unsuccess
2250,canada
2251,ii
2252,almost
2253,daylight
2254,carta
2255,palamita
2256,seneca
2257,mini
2258,natal
2259,palmi
2260,pellicano
2261,du
2262,nightclub
2263,novo
2264,adèl
2265,1980s
2266,downhil
2267,ariel
2268,encircl
2269,chitterl
2270,parallelsmenu
2271,truffl
2272,3ha
2273,chioccia
2274,crouton
2275,prussian
2276,greater
2277,fossaceca
2278,velvet
2279,maritim
2280,teano
2281,trabalzini
2282,pralin
2283,sicilia
2284,fre
2285,festiv
2286,took
2287,moirago
2288,decad
2289,bacaro
2290,ingalera
2291,clad
2292,piazza
2293,merit
2294,aalto
2295,cannot
2296,australian
2297,erb
2298,piev
2299,soft
2300,1959
2301,quinto
2302,layer
2303,flask
2304,huge
2305,marmalad
2306,low
2307,rather
2308,tenderloin
2309,sugo
2310,norbert
2311,field
2312,michel
2313,salumi
2314,seafood
2315,900m
2316,becam
2317,verbano
2318,daniela
2319,buckwheat
2320,southernmost
2321,gala
2322,sunset
2323,carmagnola
2324,tita
2325,chang
2326,mont
2327,campigotto
2328,virgin
2329,filippetto
2330,aomi
2331,inspir
2332,luchino
2333,etc
2334,mauro
2335,middl
2336,trentinomenu
2337,singl
2338,cloud
2339,colucci
2340,uphil
2341,villag
2342,cuor
2343,know
2344,esperanto
2345,mirin
2346,visibilio
2347,aria
2348,basic
2349,lido
2350,lacemak
2351,nissen
2352,broccoli
2353,torri
2354,pïacenza
2355,traditionalist
2356,stile
2357,sasso
2358,uruguay
2359,spong
2360,principl
2361,flora
2362,orient
2363,tantalis
2364,criteria
2365,maratea
2366,breadcrumb
2367,caribbean
2368,tablecloth
2369,rex
2370,oristano
2371,coastal
2372,tataki
2373,hernan
2374,pignatelli
2375,esperienza
2376,envisag
2377,100
2378,santa
2379,deer
2380,dipino
2381,galtarossa
2382,aretusi
2383,caffè
2384,hosteria
2385,otherwis
2386,castrocaro
2387,resort
2388,gargioli
2389,forest
2390,linguin
2391,cohes
2392,undergon
2393,bianconi
2394,sector
2395,play
2396,aviano
2397,prioritis
2398,gobbetto
2399,società
2400,cane
2401,calandr
2402,wherev
2403,piero
2404,st
2405,sure
2406,piz
2407,passioni
2408,ventr
2409,arcinazzo
2410,nicolini
2411,select
2412,cilenti
2413,bettelmatt
2414,pea
2415,entir
2416,curd
2417,spare
2418,andré
2419,artistri
2420,main
2421,person
2422,malatesta
2423,fabrizio
2424,teraman
2425,portico
2426,raciti
2427,marelli
2428,dentex
2429,riso
2430,pizzeria
2431,pepe
2432,caught
2433,stigliano
2434,worker
2435,palamaro
2436,motta
2437,frati
2438,tack
2439,return
2440,cort
2441,characteris
2442,tale
2443,acciderba
2444,bagni
2445,fingerlim
2446,roma
2447,owe
2448,touch
2449,vide
2450,contaminazioni
2451,outcrop
2452,vertigin
2453,brazilian
2454,night
2455,elderflow
2456,holder
2457,toè
2458,respect
2459,serena
2460,30pm
2461,mural
2462,river
2463,intent
2464,comfort
2465,guancialino
2466,muffl
2467,fausto
2468,matter
2469,burkhard
2470,culatello
2471,ragú
2472,manti
2473,aost
2474,snow
2475,freshest
2476,sound
2477,contrari
2478,busiest
2479,tooth
2480,ounc
2481,cassata
2482,cuttlefish
2483,siviero
2484,bun
2485,spin
2486,1
2487,piedmont
2488,rib
2489,mantova
2490,bouchard
2491,hadrian
2492,inevit
2493,declinata
2494,ameno
2495,guarante
2496,custom
2497,vernaccia
2498,fusillon
2499,colour
2500,nearbi
2501,haller
2502,versatil
2503,mirabella
2504,particip
2505,revel
2506,pivot
2507,soya
2508,back
2509,brodetto
2510,domenico
2511,find
2512,bar
2513,breadstick
2514,car
2515,farra
2516,wherea
2517,panorama
2518,par
2519,uncompl
2520,cure
2521,viaj
2522,pezzo
2523,rizzo
2524,villadorata
2525,sensit
2526,knit
2527,later
2528,nigro
2529,share
2530,ornat
2531,pedestrian
2532,marostica
2533,régis
2534,tina
2535,11pm
2536,xx
2537,clandestino
2538,gipponi
2539,sakai
2540,gastro
2541,hummus
2542,riscon
2543,notabl
2544,offshoot
2545,tano
2546,consumm
2547,luisl
2548,inhabit
2549,song
2550,der
2551,foundat
2552,beaten
2553,2km
2554,cook
2555,mocellin
2556,eatali
2557,nuzzo
2558,quest
2559,monkfish
2560,liveliest
2561,cross
2562,centr
2563,templ
2564,fratelli
2565,belov
2566,uliassi
2567,marzullo
2568,salina
2569,moriggi
2570,va
2571,banco
2572,prebugiun
2573,ferrara
2574,80
2575,simpli
2576,krapf
2577,tender
2578,evangelista
2579,warmth
2580,damask
2581,leather
2582,holidaymak
2583,asina
2584,aisl
2585,astonish
2586,leali
2587,magnum
2588,albertina
2589,fune
2590,valpantena
2591,impero
2592,supplier
2593,deg
2594,apprenticeship
2595,ligurian
2596,southern
2597,typic
2598,isid
2599,vertical
2600,mahogani
2601,sheep
2602,rocco
2603,nella
2604,vinaigrett
2605,marzio
2606,author
2607,vergin
2608,ahrntal
2609,longest
2610,avail
2611,especi
2612,mecca
2613,climb
2614,indaco
2615,cuneo
2616,bespok
2617,vision
2618,talent
2619,hustl
2620,calabria
2621,osashimi
2622,everyth
2623,win
2624,1930s
2625,franca
2626,line
2627,destin
2628,panel
2629,francigena
2630,credenti
2631,loop
2632,pinot
2633,giulio
2634,celeriac
2635,rest
2636,feuill
2637,transport
2638,sculptur
2639,risultato
2640,marches
2641,intim
2642,inn
2643,evelyn
2644,mantua
2645,team
2646,doubt
2647,accursio
2648,engag
2649,broke
2650,guidara
2651,tiberini
2652,valentina
2653,unlimit
2654,waltz
2655,perez
2656,nikkei
2657,hord
2658,polpo
2659,bigoli
2660,cestello
2661,panzerotti
2662,silvia
2663,sakali
2664,buca
2665,neglect
2666,hairpin
2667,sensibl
2668,stand
2669,savoy
2670,vomero
2671,sono
2672,lievitazioni
2673,albavilla
2674,caluso
2675,chiara
2676,doorway
2677,federico
2678,bianco
2679,divid
2680,oglio
2681,tramontano
2682,mountain
2683,stara
2684,toritto
2685,erasmo
2686,will
2687,countrysid
2688,chiavari
2689,flank
2690,rosmarino
2691,strozzi
2692,ann
2693,suggest
2694,gastrosteria
2695,grano
2696,irpinia
2697,follina
2698,giorgio
2699,pastureland
2700,spice
2701,spa
2702,villanova
2703,sapidità
2704,loro
2705,exterior
2706,bonito
2707,rang
2708,enclos
2709,interest
2710,alba
2711,dark
2712,rombo
2713,onto
2714,padano
2715,langa
2716,appli
2717,brunel
2718,david
2719,angioino
2720,avocado
2721,trovato
2722,jar
2723,scent
2724,antoni
2725,marca
2726,overwhelm
2727,comunal
2728,type
2729,capit
2730,whim
2731,trani
2732,marino
2733,ignor
2734,r
2735,hear
2736,sara
2737,nigiri
2738,cultiv
2739,hassler
2740,sodano
2741,capac
2742,montalcino
2743,crew
2744,elich
2745,fassona
2746,numana
2747,spiritoso
2748,account
2749,1717
2750,engel
2751,mora
2752,shank
2753,link
2754,connoisseur
2755,lettuc
2756,pass
2757,macerata
2758,inspector
2759,cri
2760,amaron
2761,whether
2762,aquila
2763,rimini
2764,techniqu
2765,magistà
2766,guado
2767,servic
2768,offida
2769,lattuga
2770,deal
2771,style
2772,man
2773,friendli
2774,storici
2775,renzo
2776,ciucci
2777,shell
2778,saor
2779,dwell
2780,modo
2781,maccheroncini
2782,ingiulla
2783,goos
2784,skil
2785,extra
2786,spell
2787,savô
2788,defin
2789,pallon
2790,porcini
2791,busa
2792,baronal
2793,simpl
2794,painter
2795,dolom
2796,chi
2797,biolo
2798,vibrant
2799,compani
2800,extens
2801,trota
2802,extern
2803,benso
2804,men
2805,bubbl
2806,barbaresco
2807,woodsmok
2808,venu
2809,andreina
2810,hesit
2811,code
2812,pipero
2813,flaw
2814,oldani
2815,brazier
2816,armi
2817,unfussi
2818,doc
2819,discuss
2820,jacopo
2821,gagini
2822,flock
2823,aficionado
2824,feniletto
2825,statu
2826,bislacco
2827,arrosticini
2828,live
2829,noodl
2830,sugar
2831,trucco
2832,ticket
2833,mano
2834,dolcedo
2835,catfish
2836,padr
2837,timbal
2838,alreadi
2839,1969
2840,ecuador
2841,speck
2842,although
2843,spimpolo
2844,cerea
2845,umbrian
2846,cutleri
2847,maurilio
2848,antonio
2849,equens
2850,elisabeth
2851,date
2852,mould
2853,nav
2854,querc
2855,amaz
2856,sposito
2857,former
2858,way
2859,falter
2860,tea
2861,30am
2862,peel
2863,keyston
2864,riccio
2865,wild
2866,alberto
2867,special
2868,natalini
2869,peposo
2870,grassland
2871,dynam
2872,town
2873,break
2874,piemont
2875,spotlight
2876,pico
2877,centocell
2878,baglioni
2879,zelo
2880,mapl
2881,expans
2882,ago
2883,fischetti
2884,produttori
2885,televis
2886,teresa
2887,bresciana
2888,retain
2889,onlin
2890,2004
2891,group
2892,roofbeam
2893,introduc
2894,scotti
2895,eaten
2896,1950
2897,anim
2898,geometr
2899,tourism
2900,second
2901,murgia
2902,boutiqu
2903,cut
2904,ghezzi
2905,whitebait
2906,corner
2907,own
2908,floriano
2909,northern
2910,battistoni
2911,fourth
2912,lifestyl
2913,moder
2914,cimbron
2915,testaccio
2916,grenier
2917,detail
2918,peke
2919,asian
2920,ricorda
2921,giacomello
2922,extrem
2923,2023
2924,alfio
2925,suzuki
2926,stefano
2927,mundo
2928,nettl
2929,carpet
2930,dongiò
2931,signora
2932,tempt
2933,1966
2934,bordeaux
2935,appoint
2936,puglian
2937,fabrizia
2938,warm
2939,peak
2940,chanterell
2941,capricciosa
2942,eraclio
2943,forino
2944,sanità
2945,basi
2946,psych
2947,grandfath
2948,watermil
2949,smeralda
2950,fir
2951,memori
2952,coada
2953,habsburg
2954,fondazion
2955,kosovo
2956,blue
2957,beneventano
2958,angel
2959,spelt
2960,south
2961,erminio
2962,groceri
2963,cater
2964,ficotto
2965,silhavì
2966,teach
2967,gard
2968,patio
2969,propos
2970,postman
2971,offal
2972,pesticid
2973,acqua
2974,belong
2975,orobica
2976,take
2977,prawn
2978,pianist
2979,rocca
2980,bufala
2981,pistachio
2982,mausoleum
2983,tricesimo
2984,meal
2985,therapi
2986,salvia
2987,furlo
2988,cooler
2989,taggiasca
2990,cart
2991,yellow
2992,enterpris
2993,gianluca
2994,shoulder
2995,solina
2996,seasid
2997,outskirt
2998,plane
2999,miori
3000,etna
3001,brogna
3002,150m
3003,agerola
3004,onward
3005,granda
3006,venison
3007,novi
3008,florentin
3009,plum
3010,tonino
3011,monterozzi
3012,climat
3013,caterina
3014,annarita
3015,ideal
3016,kombucha
3017,appreci
3018,p
3019,giovanna
3020,reopen
3021,expand
3022,bergamot
3023,affido
3024,drago
3025,praianes
3026,flake
3027,palladiana
3028,teriyaki
3029,fossombron
3030,cotta
3031,pùzali
3032,austrian
3033,cigar
3034,camino
3035,carrot
3036,sini
3037,scampi
3038,span
3039,arianna
3040,clean
3041,nicastro
3042,emigr
3043,glorious
3044,farmyard
3045,cypress
3046,cuttaia
3047,affinita
3048,sweetbread
3049,cinta
3050,medic
3051,maniago
3052,hinterland
3053,tire
3054,admit
3055,heavili
3056,oak
3057,porceddu
3058,piccini
3059,sylvan
3060,adventur
3061,candia
3062,alp
3063,2015
3064,aragones
3065,prais
3066,driver
3067,stylish
3068,strudel
3069,nourish
3070,enthusiast
3071,menton
3072,farmhous
3073,della
3074,relic
3075,name
3076,bank
3077,casa
3078,beam
3079,thoma
3080,mangiala
3081,fair
3082,cheek
3083,2022
3084,campo
3085,albereta
3086,129
3087,vibo
3088,anonym
3089,arnolfo
3090,bronz
3091,musciora
3092,hospit
3093,econom
3094,domingo
3095,reimund
3096,rind
3097,natali
3098,nib
3099,difficult
3100,carri
3101,papà
3102,28
3103,creativo
3104,chop
3105,paid
3106,mushroom
3107,suppli
3108,full
3109,benjamin
3110,eat
3111,rosso
3112,aimo
3113,rump
3114,francon
3115,earthi
3116,con
3117,quicker
3118,altro
3119,vanessa
3120,tenn
3121,version
3122,monopoli
3123,bomba
3124,christoph
3125,furnish
3126,cilento
3127,bertelli
3128,institut
3129,muddica
3130,warmer
3131,mincio
3132,subdivid
3133,rampina
3134,trent
3135,ferri
3136,urchin
3137,paulo
3138,choos
3139,warrior
3140,caldura
3141,uninterest
3142,payabl
3143,thinnest
3144,public
3145,ami
3146,rospigliosi
3147,fee
3148,romana
3149,tapa
3150,tastebud
3151,fondu
3152,mayo
3153,less
3154,boil
3155,simonato
3156,nori
3157,cardi
3158,mirror
3159,whelk
3160,yoji
3161,biedermei
3162,acquapartita
3163,grandios
3164,colombano
3165,marini
3166,gianpaolo
3167,york
3168,lawn
3169,four
3170,gras
3171,sirenus
3172,permit
3173,herbal
3174,kong
3175,use
3176,turin
3177,isola
3178,alto
3179,buzz
3180,sauvignon
3181,particolar
3182,appeal
3183,resourc
3184,capres
3185,pizzetta
3186,nightlif
3187,volcan
3188,guess
3189,fregula
3190,peruvian
3191,brunello
3192,tortelli
3193,point
3194,fig
3195,friggitello
3196,sport
3197,12c
3198,nouveau
3199,obvious
3200,monterosso
3201,1992
3202,cucolo
3203,roia
3204,23
3205,sale
3206,judg
3207,creat
3208,unexpect
3209,glam
3210,curious
3211,art
3212,face
3213,stalwart
3214,cycl
3215,marsupino
3216,mame
3217,ravarotto
3218,1952
3219,iseo
3220,metullio
3221,pantheon
3222,palazzi
3223,needl
3224,desir
3225,fortun
3226,toffe
3227,sawmil
3228,steam
3229,afor
3230,enhanc
3231,chairman
3232,venezuela
3233,reduct
3234,annunziata
3235,décor
3236,pineta
3237,mario
3238,stravecchio
3239,pella
3240,casertona
3241,stresa
3242,archaeolog
3243,loos
3244,amphitheatr
3245,tassa
3246,imag
3247,sausag
3248,wisteria
3249,underpin
3250,sum
3251,sugihara
3252,fassa
3253,showcas
3254,penna
3255,elsa
3256,strength
3257,garag
3258,pepperi
3259,seven
3260,ancestor
3261,pansotti
3262,langella
3263,thyme
3264,henc
3265,fritter
3266,duca
3267,month
3268,marotta
3269,forag
3270,antonia
3271,mogano
3272,giulia
3273,capriat
3274,lagunamar
3275,menus
3276,smoki
3277,biancu
3278,american
3279,courtesi
3280,necropoli
3281,starck
3282,1957
3283,sardinian
3284,portinari
3285,pollenzo
3286,shitak
3287,white
3288,layout
3289,plate
3290,statuett
3291,maioni
3292,dialect
3293,vista
3294,tell
3295,coriand
3296,expon
3297,cheer
3298,gene
3299,grana
3300,raia
3301,pen
3302,calistri
3303,affect
3304,bouillabaiss
3305,leandro
3306,bike
3307,curios
3308,dove
3309,anita
3310,bonus
3311,glowig
3312,progress
3313,embellish
3314,stafler
3315,macellaria
3316,film
3317,mazzoleni
3318,tirtlan
3319,exit
3320,incorpor
3321,area
3322,crystal
3323,gara
3324,charismat
3325,facet
3326,ss13
3327,result
3328,peac
3329,yolk
3330,planet
3331,aspect
3332,bra
3333,maccaron
3334,photo
3335,pallanza
3336,restrain
3337,chard
3338,splash
3339,smallest
3340,pirandello
3341,ingredi
3342,terra
3343,brindo
3344,differ
3345,tool
3346,murat
3347,emilia
3348,wheat
3349,aperto
3350,ciociara
3351,pasqual
3352,dim
3353,consolata
3354,nino
3355,gatto
3356,aminta
3357,liqueur
3358,testa
3359,gusto
3360,proposta
3361,fridg
3362,szechuan
3363,theodor
3364,join
3365,suffic
3366,stilt
3367,carv
3368,scallop
3369,olbia
3370,sooth
3371,chamber
3372,annamaria
3373,keen
3374,though
3375,po
3376,consult
3377,nich
3378,storia
3379,chose
3380,bought
3381,tinari
3382,slope
3383,seregno
3384,possibl
3385,prà
3386,bolsena
3387,necessarili
3388,nunziata
3389,scale
3390,restor
3391,remi
3392,turnip
3393,piccion
3394,latin
3395,drip
3396,2001
3397,1911
3398,bath
3399,marina
3400,2016
3401,experi
3402,padana
3403,silhouett
3404,mother
3405,fast
3406,parolina
3407,zampognaro
3408,rita
3409,imperator
3410,risorgimento
3411,girella
3412,around
3413,fix
3414,tumin
3415,diner
3416,skylin
3417,galateo
3418,far
3419,gradual
3420,black
3421,frog
3422,borsa
3423,resound
3424,pagnotto
3425,000
3426,desiderio
3427,add
3428,posto
3429,masashi
3430,conceal
3431,palazzolo
3432,serendib
3433,spoleto
3434,mugo
3435,signum
3436,montebor
3437,gorgnalini
3438,cocktail
3439,donei
3440,helm
3441,design
3442,son
3443,tumbl
3444,montal
3445,tragara
3446,monk
3447,memor
3448,lack
3449,può
3450,loaf
3451,arca
3452,abbadia
3453,bollita
3454,amiata
3455,improv
3456,chargril
3457,rend
3458,soufflé
3459,salvator
3460,1985
3461,milan
3462,slight
3463,tenaci
3464,kelina
3465,vogu
3466,pici
3467,codol
3468,jurist
3469,superb
3470,conveni
3471,alfresco
3472,gastronom
3473,brilliant
3474,frequent
3475,fasan
3476,150th
3477,cantuccio
3478,virgilio
3479,year
3480,breuil
3481,nutrit
3482,monfort
3483,fogher
3484,lago
3485,santini
3486,see
3487,renzi
3488,whatev
3489,pilgrim
3490,crenel
3491,daili
3492,monastero
3493,porticciolo
3494,show
3495,bruschetta
3496,joy
3497,tasso
3498,dual
3499,papal
3500,pietro
3501,tyrol
3502,blackberri
3503,albenga
3504,frigoriferi
3505,fire
3506,maial
3507,pigna
3508,curri
3509,lo
3510,millefogli
3511,bottagisio
3512,cacao
3513,hot
3514,dine
3515,mollica
3516,hazama
3517,laboratori
3518,officina
3519,vulcanello
3520,wineri
3521,varena
3522,tantri
3523,linger
3524,loprior
3525,calf
3526,occasion
3527,nois
3528,domin
3529,nostri
3530,relai
3531,ambrogio
3532,summer
3533,naviglio
3534,caravella
3535,fiorella
3536,hong
3537,neo
3538,ship
3539,sienes
3540,palat
3541,gone
3542,compon
3543,recommend
3544,aosta
3545,seduc
3546,goat
3547,daughter
3548,canapino
3549,gianello
3550,might
3551,americano
3552,renato
3553,cordero
3554,conca
3555,si
3556,mondello
3557,italia
3558,bustl
3559,celest
3560,alemb
3561,scrupul
3562,preziosa
3563,agro
3564,basilicata
3565,twin
3566,impass
3567,sbrisolona
3568,origini
3569,majest
3570,chapter
3571,apostelstub
3572,frothi
3573,accept
3574,major
3575,incàlmo
3576,catherin
3577,saba
3578,10th
3579,bistrò
3580,punt
3581,blason
3582,done
3583,thousand
3584,bracali
3585,carpacci
3586,costarella
3587,carlofortinian
3588,artusi
3589,shabbi
3590,world
3591,formal
3592,castiglion
3593,vigilius
3594,candlestick
3595,parkhotel
3596,besana
3597,criss
3598,impecc
3599,strike
3600,abbondanzi
3601,primit
3602,shiso
3603,baronetto
3604,boschi
3605,explor
3606,definit
3607,plan
3608,mattara
3609,brandacujun
3610,botan
3611,perna
3612,explos
3613,sila
3614,bordighera
3615,saddl
3616,singer
3617,vescovil
3618,bore
3619,advic
3620,admir
3621,amerigo
3622,profeta
3623,bistrot
3624,acaja
3625,confin
3626,tast
3627,dioces
3628,armchair
3629,east
3630,peppermint
3631,guangzhou
3632,scottish
3633,salada
3634,connect
3635,santino
3636,adriat
3637,contemporaneo
3638,steiner
3639,sei
3640,recreat
3641,carn
3642,prosciutto
3643,sensori
3644,extraordinarili
3645,umbria
3646,terlano
3647,silva
3648,eclect
3649,giudecca
3650,senator
3651,marchesi
3652,squid
3653,antipasto
3654,swim
3655,niccolò
3656,ottog
3657,deconsecr
3658,moscato
3659,kuccagna
3660,organis
3661,huber
3662,giovanni
3663,café
3664,brescia
3665,quarto
3666,entrecot
3667,duck
3668,seawe
3669,maison
3670,catia
3671,steak
3672,revolutionari
3673,deliv
3674,1887
3675,promis
3676,enviabl
3677,brick
3678,gurnard
3679,taratatà
3680,spent
3681,delmont
3682,furor
3683,teatro
3684,nuov
3685,mediterranean
3686,greenhous
3687,rare
3688,shop
3689,devot
3690,gluten
3691,day
3692,1940s
3693,gracious
3694,hazelnut
3695,lui
3696,biohotel
3697,wish
3698,sottovoc
3699,divers
3700,mysteri
3701,erbett
3702,map
3703,emozioni
3704,fettuccin
3705,spite
3706,gemma
3707,michela
3708,would
3709,heartili
3710,intuit
3711,father
3712,royalhotel
3713,perdomoalso
3714,950m
3715,loft
3716,luxuri
3717,1970s
3718,madr
3719,overseen
3720,chat
3721,ritual
3722,paella
3723,claudia
3724,poultri
3725,tivoli
3726,su
3727,stew
3728,angela
3729,maezza
3730,santo
3731,afraid
3732,rebirth
3733,rebrand
3734,cervinia
3735,pontoon
3736,champagn
3737,morelli
3738,london
3739,australia
3740,riccardo
3741,movement
3742,guido
3743,monosilio
3744,thursday
3745,lezzereni
3746,look
3747,form
3748,piola
3749,savour
3750,alghero
3751,signal
3752,equip
3753,croce
3754,piacenza
3755,modena
3756,spigaroli
3757,spaghetton
3758,vallicella
3759,nora
3760,freshwat
3761,dsquared2
3762,incred
3763,visitor
3764,spaghetto
3765,gallar
3766,shred
3767,seclud
3768,anyth
3769,bruxaboschi
3770,matera
3771,bianca
3772,rivoluzion
3773,horsesho
3774,cat
3775,bono
3776,betancourt
3777,issa
3778,occupi
3779,berghotel
3780,emuls
3781,ztl
3782,carignano
3783,michelin
3784,borromeo
3785,typifi
3786,pepenero
3787,cantin
3788,minimalist
3789,mop
3790,crab
3791,whitefish
3792,rizz
3793,18c
3794,montefusco
3795,fillet
3796,basil
3797,venosta
3798,charact
3799,shone
3800,bino
3801,wagyu
3802,sustain
3803,agostino
3804,raf
3805,norcia
3806,bodi
3807,fond
3808,pretti
3809,antico
3810,discreet
3811,prest
3812,western
3813,rainer
3814,classico
3815,genuin
3816,machin
3817,baita
3818,direct
3819,fall
3820,venosa
3821,cogliardo
3822,tend
3823,zillo
3824,aplomb
3825,brought
3826,pappa
3827,oyster
3828,mt
3829,naturalment
3830,hand
3831,chequer
3832,duomo
3833,finess
3834,maicol
3835,vezzani
3836,minimum
3837,unusu
3838,cerami
3839,academi
3840,idyl
3841,yet
3842,marco
3843,conservatori
3844,higher
3845,linguaglossa
3846,generat
3847,fontanina
3848,caramanico
3849,opportun
3850,vesta
3851,antinori
3852,extract
3853,godia
3854,quiet
3855,lavezzini
3856,12
3857,pistoletto
3858,maker
3859,german
3860,coach
3861,copious
3862,nostalgia
3863,restrict
3864,piacentina
3865,matriciana
3866,twenti
3867,spain
3868,bosana
3869,spinach
3870,fifteen
3871,biscuit
3872,faccani
3873,hilltop
3874,6
3875,bassetti
3876,wander
3877,swordfish
3878,1901
3879,letterina
3880,napoleon
3881,germani
3882,proprietor
3883,echo
3884,zur
3885,craparo
3886,slovenia
3887,filippi
3888,gel
3889,rock
3890,alessandrina
3891,sommeli
3892,inde
3893,perbellini
3894,orsola
3895,formazza
3896,cappellaccio
3897,1938
3898,montefalco
3899,forget
3900,grocer
3901,w
3902,distinct
3903,michelino
3904,villani
3905,lab
3906,reappear
3907,classi
3908,vine
3909,alchemi
3910,bohemian
3911,anchor
3912,monza
3913,cairo
3914,radici
3915,altrettanto
3916,2018
3917,salinari
3918,stagion
3919,53
3920,ça
3921,talk
3922,vinegar
3923,locat
3924,pensando
3925,burn
3926,grandi
3927,loss
3928,capitan
3929,whenev
3930,wast
3931,genius
3932,bringoli
3933,cimini
3934,madama
3935,feuerstein
3936,1906
3937,stella
3938,gragnono
3939,funicular
3940,scenic
3941,tombola
3942,patricia
3943,curtaton
3944,educ
3945,russo
3946,vescovado
3947,kindergarten
3948,300m
3949,lord
3950,alpin
3951,atrani
3952,laera
3953,amo
3954,zarri
3955,manzoni
3956,sip
3957,speak
3958,moment
3959,leaven
3960,studi
3961,refurbish
3962,maranello
3963,essenziali
3964,task
3965,toast
3966,brunch
3967,identifi
3968,vase
3969,signific
3970,artisti
3971,tirtl
3972,noteworthi
3973,grew
3974,genova
3975,interior
3976,dough
3977,marko
3978,depot
3979,como
3980,pinzolo
3981,refrigeri
3982,gallega
3983,14
3984,1950s
3985,weekend
3986,rotat
3987,laigueglia
3988,skirt
3989,presenc
3990,translat
3991,wood
3992,read
3993,palm
3994,epoca
3995,light
3996,lichen
3997,durnwald
3998,race
3999,oper
4000,advertis
4001,marmo
4002,borgobrufa
4003,bagna
4004,nole
4005,fenicottero
4006,mottaron
4007,tabl
4008,kerkira
4009,intorcia
4010,wine
4011,maurizio
4012,ambassador
4013,eye
4014,januarius
4015,best
4016,culmin
4017,terrazza
4018,cordevigo
4019,camomil
4020,lloyd
4021,sarri
4022,assur
4023,contagi
4024,bagno
4025,ferrares
4026,pisser
4027,fill
4028,altern
4029,flute
4030,slide
4031,casentino
4032,unannounc
4033,roquefort
4034,support
4035,capelli
4036,consider
4037,cattivelli
4038,filippino
4039,erbaluc
4040,perpetu
4041,usai
4042,china
4043,giardinetto
4044,kidney
4045,veget
4046,eponym
4047,durat
4048,lussuoso
4049,condit
4050,cippi
4051,soverato
4052,held
4053,hallmark
4054,clever
4055,exuber
4056,nativ
4057,est
4058,golfo
4059,avant
4060,mole
4061,1977
4062,describ
4063,naxo
4064,cheesecak
4065,befit
4066,coffe
4067,mood
4068,dirt
4069,taco
4070,biodivers
4071,savio
4072,sformato
4073,perfect
4074,tongu
4075,campanella
4076,meschio
4077,earli
4078,heinz
4079,galli
4080,pavan
4081,entitl
4082,vico
4083,mexican
4084,rossella
4085,garlic
4086,rivoli
4087,byzantin
4088,tortelloni
4089,parmesan
4090,bottura
4091,belé
4092,oldofredi
4093,trapani
4094,vistamar
4095,forerunn
4096,medici
4097,stock
4098,vegetali
4099,sauc
4100,glorenza
4101,7am
4102,vanilla
4103,hélène
4104,scardina
4105,tedeschi
4106,gin
4107,casolèt
4108,ristoclub
4109,block
4110,carrozza
4111,escap
4112,chardonnay
4113,africa
4114,chiusi
4115,arancino
4116,eateri
4117,final
4118,devetak
4119,molis
4120,parent
4121,gargnano
4122,minimi
4123,alici
4124,coupl
4125,cjarson
4126,marta
4127,lippi
4128,1956
4129,replac
4130,centofanti
4131,emot
4132,normal
4133,particular
4134,cristian
4135,paprika
4136,product
4137,love
4138,chines
4139,noto
4140,bright
4141,attach
4142,valazza
4143,iyo
4144,descript
4145,crème
4146,focacceria
4147,anyon
4148,quintilio
4149,de
4150,tistot
4151,sacro
4152,santuario
4153,oltrepò
4154,granaio
4155,nicola
4156,pomodoro
4157,holzner
4158,provid
4159,want
4160,environ
4161,1865
4162,chestnut
4163,parliament
4164,montoro
4165,fortunato
4166,donato
4167,trezzo
4168,arnaldo
4169,padoan
4170,like
4171,fanci
4172,crop
4173,panfilio
4174,alpeggio
4175,danc
4176,fonduta
4177,speci
4178,unchang
4179,work
4180,teal
4181,drawer
4182,antica
4183,pick
4184,7
4185,escalop
4186,throw
4187,selva
4188,passeggiata
4189,20c
4190,ciasa
4191,adami
4192,turi
4193,sesam
4194,limonaia
4195,courteous
4196,right
4197,get
4198,omelett
4199,modesti
4200,orlando
4201,penultim
4202,entic
4203,evoluzion
4204,dobbiaco
4205,resid
4206,amici
4207,flan
4208,orchard
4209,tagliata
4210,valzelli
4211,whiski
4212,condo
4213,announc
4214,aim
4215,achiev
4216,widespread
4217,gabriel
4218,mutton
4219,buffalo
4220,display
4221,scala
4222,mundan
4223,hectar
4224,bold
4225,adriatico
4226,teles
4227,cavour
4228,21
4229,matur
4230,hint
4231,remain
4232,system
4233,kilometr
4234,sumptuous
4235,weingut
4236,soak
4237,comacina
4238,bardini
4239,emphasi
4240,out
4241,litr
4242,deco
4243,sciò
4244,enabl
4245,formichella
4246,mouthwat
4247,larin
4248,sfogli
4249,sanbrit
4250,piastrino
4251,13c
4252,spruce
4253,word
4254,ethic
4255,strict
4256,biennal
4257,papi
4258,valuabl
4259,excit
4260,teramo
4261,recognis
4262,item
4263,capabl
4264,general
4265,advanc
4266,laticauda
4267,thorough
4268,vibe
4269,24
4270,lie
4271,seabream
4272,social
4273,uphold
4274,angler
4275,salvo
4276,hosomaki
4277,bare
4278,pharmaci
4279,splendour
4280,amount
4281,capitolo
4282,spider
4283,prevail
4284,mash
4285,mia
4286,inedita
4287,broth
4288,undeni
4289,mint
4290,flag
4291,gestur
4292,straordinario
4293,territori
4294,andi
4295,homag
4296,quasi
4297,vittorial
4298,captur
4299,hen
4300,apricot
4301,valsugana
4302,galaxi
4303,locatello
4304,zeno
4305,better
4306,regional
4307,pergola
4308,primi
4309,poggio
4310,ceram
4311,sagramoso
4312,nineteenth
4313,crackl
4314,trofi
4315,sfoglia
4316,parasol
4317,5
4318,camia
4319,easili
4320,baganza
4321,reconnect
4322,nel
4323,women
4324,coniglio
4325,salerno
4326,tenerina
4327,samphir
4328,tâche
4329,lucera
4330,quarta
4331,period
4332,purest
4333,root
4334,vital
4335,salt
4336,gulfi
4337,asou
4338,monachil
4339,solar
4340,veranda
4341,stone
4342,forgotten
4343,flee
4344,unpredict
4345,vari
4346,odyssey
4347,somewher
4348,fresco
4349,sformatino
4350,casamicciola
4351,vulcano
4352,preced
4353,repertoir
4354,fowl
4355,silenc
4356,warehous
4357,learn
4358,signatur
4359,fragsburg
4360,bartoli
4361,faultless
4362,stair
4363,guest
4364,chickpea
4365,quintessenti
4366,money
4367,sinc
4368,amalfi
4369,risotto
4370,sorrentin
4371,filindeu
4372,30
4373,mantecati
4374,reveal
4375,sailboat
4376,rovetta
4377,guarneri
4378,trophi
4379,center
4380,rustic
4381,giannuzzi
4382,symbol
4383,abbazia
4384,marseill
4385,ginetta
4386,carp
4387,ivan
4388,evan
4389,aid
4390,fiera
4391,luppi
4392,varignana
4393,ahead
4394,sine
4395,carannant
4396,event
4397,proceed
4398,gastrofluvi
4399,tutto
4400,encount
4401,84
4402,pigeon
4403,cicetta
4404,cime
4405,costanzo
4406,tenerumi
4407,trumpet
4408,distract
4409,employe
4410,free
4411,baracchi
4412,berico
4413,kerm
4414,latini
4415,quel
4416,chic
4417,nostalg
4418,daniel
4419,lighten
4420,morello
4421,craftsmen
4422,unconvent
4423,heard
4424,fri
4425,along
4426,sister
4427,fortifi
4428,danilo
4429,cathedr
4430,brand
4431,chiaracia
4432,hike
4433,romant
4434,alessandra
4435,view
4436,tommaso
4437,effici
4438,descent
4439,virginia
4440,vinilia
4441,valley
4442,povera
4443,omit
4444,vermentino
4445,1919
4446,granit
4447,emilian
4448,hour
4449,address
4450,elli
4451,succul
4452,environment
4453,ciliegi
4454,prime
4455,sourc
4456,emblem
4457,european
4458,acid
4459,thailand
4460,press
4461,betray
4462,550m
4463,produc
4464,cappelli
4465,vito
4466,hyatt
4467,cag
4468,tasti
4469,merlo
4470,cannelloni
4471,gaudenzio
4472,letter
4473,25
4474,realli
4475,perata
4476,tegamaccio
4477,marzamemi
4478,warhol
4479,giampiero
4480,reggiano
4481,paradiso
4482,refuge
4483,brass
4484,next
4485,marciana
4486,cipriani
4487,mazzarell
4488,indonesian
4489,stapl
4490,settembr
4491,sett
4492,resin
4493,snack
4494,bavaglino
4495,vicciola
4496,pasteuris
4497,aromat
4498,manoppello
4499,roman
4500,mazzorbo
4501,spectacular
4502,welcom
4503,menegaldo
4504,wooden
4505,alik
4506,gioia
4507,ossola
4508,franco
4509,portrait
4510,provenienti
4511,guarino
4512,lime
4513,bartolini
4514,alley
4515,ezio
4516,whose
4517,subt
4518,concis
4519,profondo
4520,lanka
4521,frediano
4522,hundr
4523,baiocco
4524,spilimbergo
4525,monferrini
4526,corvara
4527,fold
4528,murano
4529,ski
4530,vincenzo
4531,staff
4532,tardiva
4533,1981
4534,600m
4535,bella
4536,guestroom
4537,creak
4538,part
4539,cappuccino
4540,old
4541,recal
4542,1988
4543,clam
4544,piemontes
4545,all
4546,kept
4547,saganaki
4548,wrong
4549,10
4550,millefeuill
4551,praiano
4552,bistro
4553,penthous
4554,substanc
4555,boredom
4556,dinato
4557,delight
4558,memorabilia
4559,apostolo
4560,yoghurt
4561,empanada
4562,viaggio
4563,remark
4564,fogli
4565,pink
4566,beccafico
4567,opposit
4568,vast
4569,entranc
4570,whip
4571,bishop
4572,ceramist
4573,littl
4574,zannon
4575,ruggiero
4576,trafoier
4577,pina
4578,hero
4579,pimpernel
4580,macaroon
4581,feltrin
4582,male
4583,soil
4584,necessari
4585,ichikawa
4586,honour
4587,tondo
4588,provenç
4589,entri
4590,dose
4591,scuro
4592,stellaria
4593,valpolicella
4594,tronto
4595,mirella
4596,porto
4597,matares
4598,parma
4599,essenc
4600,lukewarm
4601,profus
4602,maiella
4603,tone
4604,grace
4605,pare
4606,coron
4607,narducci
4608,pastur
4609,archway
4610,intestin
4611,acclaim
4612,cornerston
4613,pescatori
4614,pantesco
4615,600
4616,various
4617,pinchiorri
4618,desenzano
4619,crema
4620,apart
4621,scandinavia
4622,state
4623,cliché
4624,adjoin
4625,ferrero
4626,sail
4627,problem
4628,youth
4629,shave
4630,proudest
4631,stalk
4632,fogolar
4633,matscher
4634,valdarno
4635,architectur
4636,technolog
4637,marrow
4638,stall
4639,leopard
4640,cocoa
4641,smoker
4642,threshold
4643,locali
4644,pietra
4645,fishhead
4646,sutri
4647,beansprout
4648,60s
4649,cinema
4650,skimp
4651,treasur
4652,banish
4653,fore
4654,canal
4655,bargellini
4656,sculli
4657,vais
4658,martino
4659,poderi
4660,6c
4661,structur
4662,revolutionis
4663,segreta
4664,karl
4665,boost
4666,flawless
4667,scarello
4668,tiramisù
4669,baldassarr
4670,couli
4671,seat
4672,fossa
4673,weav
4674,rich
4675,prefer
4676,takeaway
4677,lardo
4678,meter
4679,mazzafegato
4680,solo
4681,john
4682,castelvecchio
4683,dolomieu
4684,firma
4685,trulli
4686,regina
4687,across
4688,commit
4689,relev
4690,40
4691,valtellino
4692,sangiovesi
4693,muscat
4694,consum
4695,15km
4696,abou
4697,primari
4698,gigant
4699,nogher
4700,probabl
4701,semicircular
4702,abruzzes
4703,scapecchi
4704,hotel
4705,piselli
4706,nobuya
4707,anghiari
4708,also
4709,aspic
4710,zanini
4711,poet
4712,cannara
4713,time
4714,osteria
4715,corona
4716,etra
4717,castrozza
4718,test
4719,locomot
4720,filippo
4721,seminari
4722,gut
4723,mayonnais
4724,lunigiana
4725,precis
4726,camp
4727,sukiyaki
4728,chilli
4729,valeria
4730,2021
4731,borgo
4732,turn
4733,manuelina
4734,option
4735,tafuri
4736,massucco
4737,apennin
4738,chosen
4739,jetti
4740,kebab
4741,musso
4742,oasi
4743,pollino
4744,salami
4745,frame
4746,caruso
4747,lori
4748,first
4749,accompani
4750,charm
4751,snug
4752,staf
4753,dialogu
4754,alta
4755,1940
4756,possoni
4757,trove
4758,mi
4759,pleasur
4760,giglio
4761,reinvent
4762,rose
4763,candiano
4764,nive
4765,zaccardi
4766,albeit
4767,favourit
4768,granddaught
4769,11am
4770,nice
4771,1964
4772,serendipico
4773,marcelin
4774,butterfli
4775,grandma
4776,paolo
4777,cavallo
4778,overcom
4779,bravo
4780,outbuild
4781,popolo
4782,port
4783,maggior
4784,30th
4785,roll
4786,todi
4787,baldo
4788,fuss
4789,sauerkraut
4790,europa
4791,san
4792,logo
4793,ambienc
4794,pension
4795,sarzana
4796,benedikto
4797,strengthen
4798,tiglio
4799,molo
4800,jelli
4801,caval
4802,lose
4803,communiti
4804,1973
4805,acreid
4806,made
4807,despit
4808,woodland
4809,elisa
4810,reloc
4811,onofrio
4812,literatur
4813,tuttoilresto
4814,spatula
4815,cevich
4816,peru
4817,bonet
4818,augurio
4819,nunzio
4820,petrus
4821,heed
4822,timeless
4823,cambio
4824,plankton
4825,spot
4826,tomber
4827,360
4828,afield
4829,solid
4830,feminin
4831,guinea
4832,award
4833,cartosio
4834,li
4835,cep
4836,paradis
4837,allud
4838,montefollonico
4839,neutral
4840,oregano
4841,oberhamm
4842,campania
4843,baccalà
4844,leav
4845,sous
4846,ground
4847,pressati
4848,maiellabi
4849,underst
4850,marbl
4851,format
4852,success
4853,parmens
4854,bedroom
4855,faraglioni
4856,baron
4857,visibl
4858,laurel
4859,ladin
4860,accommod
4861,shrub
4862,souvenir
4863,vite
4864,conceiv
4865,approxim
4866,giardini
4867,manich
4868,aurora
4869,manchego
4870,ident
4871,nautilus
4872,tiber
4873,chaotic
4874,unrival
4875,bean
4876,milk
4877,section
4878,pizza
4879,baglio
4880,guggenheim
4881,pirro
4882,rais
4883,iorio
4884,orecchiett
4885,jorg
4886,footbal
4887,mixolog
4888,ciccio
4889,deck
4890,spaccanapoli
4891,vicina
4892,octob
4893,caino
4894,eruzion
4895,window
4896,sultano
4897,misl
4898,present
4899,exalt
4900,teodoro
4901,shuttl
4902,arco
4903,introduct
4904,flour
4905,elderberri
4906,romanesqu
4907,smart
4908,ortigia
4909,project
4910,gaspari
4911,cristo
4912,allus
4913,colonnata
4914,seminario
4915,silvestro
4916,skill
4917,3
4918,impli
4919,heat
4920,sunni
4921,iuliano
4922,bewar
4923,develop
4924,consolid
4925,morra
4926,scorzon
4927,histor
4928,pomegran
4929,sagrestia
4930,whole
4931,parallel
4932,naval
4933,grotto
4934,lumira
4935,shortest
4936,sciliar
4937,raw
4938,soul
4939,altitud
4940,granari
4941,mansion
4942,deserv
4943,orientali
4944,ultra
4945,instinct
4946,enbogonè
4947,polo
4948,plastic
4949,brain
4950,rino
4951,liveli
4952,cv
4953,pezzuto
4954,consid
4955,question
4956,cipressi
4957,oval
4958,elid
4959,svevo
4960,oubèrgi
4961,manuel
4962,niederkofl
4963,paccheri
4964,nobiltà
4965,manner
4966,enclav
4967,discipl
4968,cave
4969,gatti
4970,accanto
4971,jam
4972,aspro
4973,sunday
4974,red
4975,bazzano
4976,sicili
4977,buzara
4978,radius
4979,cerver
4980,counter
4981,feat
4982,rasa
4983,donkey
4984,sambuca
4985,breathtak
4986,drape
4987,target
4988,anniversari
4989,dress
4990,2
4991,mutuo
4992,mattiacci
4993,luisa
4994,chris
4995,bc
4996,accumul
4997,sopa
4998,robiola
4999,savarin
5000,masala
5001,ciauscolo
5002,redcurr
5003,usual
5004,angelina
5005,walnut
5006,chateaubriand
5007,trendi
5008,fiori
5009,langoustin
5010,rum
5011,vineyard
5012,enoica
5013,territorio
5014,appar
5015,seri
5016,marisa
5017,profession
5018,beurr
5019,door
5020,tarallo
5021,transform
5022,egnazia
5023,neighbourhood
5024,calabres
5025,cembra
5026,stube
5027,bounti
5028,mer
5029,hail
5030,motto
5031,caponada
5032,chiefli
5033,complex
5034,januari
5035,tribut
5036,canella
5037,cerrato
5038,haut
5039,ambienti
5040,perus
5041,navelli
5042,vatican
5043,gravi
5044,bress
5045,patat
5046,barolo
5047,palazzo
5048,row
5049,colomb
5050,tomahawk
5051,sassongh
5052,alleyway
5053,pace
5054,sheer
5055,acquerello
5056,cold
5057,1958
5058,roam
5059,recip
5060,300ha
5061,laundri
5062,modern
5063,twelv
5064,fattori
5065,phi
5066,modest
5067,act
5068,adapt
5069,plus
5070,flamingo
5071,covet
5072,ger
5073,anthoni
5074,true
5075,pasticceria
5076,oliva
5077,plung
5078,oseleta
5079,abruzzi
5080,turmer
5081,bundl
5082,nobless
5083,nero
5084,school
5085,tang
5086,mulberri
5087,1850
5088,celebratori
5089,arno
5090,camilla
5091,smile
5092,scopiccio
5093,silk
5094,declar
5095,duo
5096,hall
5097,child
5098,pisciotta
5099,grower
5100,keep
5101,bachmann
5102,lost
5103,ciambella
5104,ironi
5105,global
5106,almond
5107,intrigu
5108,fairi
5109,septemb
5110,finger
5111,maiz
5112,hanger
5113,enoteca
5114,prati
5115,let
5116,ham
5117,100ha
5118,puf
5119,exclus
5120,essenza
5121,mile
5122,overse
5123,nemi
5124,dogfish
5125,redevelop
5126,500m
5127,corridor
5128,volum
5129,veneto
5130,till
5131,stranger
5132,element
5133,peasant
5134,butter
5135,poder
5136,breccia
5137,cajinci
5138,pleas
5139,intellig
5140,porcelain
5141,meati
5142,ahimé
5143,negrini
5144,skyscrap
5145,gravit
5146,meticul
5147,soon
5148,grove
5149,novelti
5150,fiordaliso
5151,exhaust
5152,gardena
5153,shelter
5154,lard
5155,away
5156,led
5157,decor
5158,velouté
5159,ricordi
5160,scottadito
5161,cava
5162,branca
5163,romeo
5164,eleg
5165,afford
5166,céres
5167,nation
5168,agnoli
5169,adjust
5170,martini
5171,steal
5172,bergeretto
5173,flair
5174,crispi
5175,elsewher
5176,power
5177,mislead
5178,cake
5179,volumnia
5180,iacobucci
5181,club
5182,ferran
5183,thread
5184,anni
5185,synagogu
5186,el
5187,chatgpt
5188,ring
5189,stilla
5190,charcoal
5191,calm
5192,ice
5193,pata
5194,queen
5195,open
5196,tantal
5197,sondrio
5198,bearer
5199,livorno
5200,spring
5201,roberta
5202,infanzia
5203,adult
5204,doronzo
5205,master
5206,theoret
5207,futura
5208,undiminish
5209,unspoilt
5210,fell
5211,nazzarena
5212,fact
5213,eleph
5214,canossa
5215,tarquinia
5216,apprentic
5217,urbino
5218,place
5219,drop
5220,approach
5221,km
5222,fasolato
5223,bitto
5224,mount
5225,fun
5226,ambit
5227,addit
5228,exquisit
5229,arch
5230,spellbound
5231,sky
5232,nestl
5233,colli
5234,battuta
5235,lamp
5236,langh
5237,bass
5238,1930
5239,martin
5240,orta
5241,fabio
5242,eden
5243,granita
5244,palermino
5245,due
5246,vittorio
5247,bistecca
5248,specif
5249,cicognolo
5250,ugolotti
5251,tart
5252,suburb
5253,falco
5254,sharp
5255,fusion
5256,cauda
5257,prezioso
5258,casamadr
5259,exampl
5260,dire
5261,anch
5262,omakas
5263,mango
5264,polystyren
5265,petal
5266,iwai
5267,ravello
5268,fresh
5269,stonework
5270,abbrevi
5271,latest
5272,prosperi
5273,lush
5274,jovial
5275,shark
5276,distil
5277,list
5278,18th
5279,simpler
5280,agata
5281,wind
5282,martella
5283,tavolara
5284,valerio
5285,hydroelectr
5286,serious
5287,pezzogna
5288,800
5289,summertim
5290,copper
5291,palac
5292,1910
5293,boat
5294,tree
5295,anolini
5296,coldana
5297,merchant
5298,miseria
5299,verit
5300,pescara
5301,kid
5302,7pm
5303,1987
5304,160
5305,limit
5306,accomplish
5307,una
5308,soldier
5309,santamonica
5310,perugia
5311,dash
5312,2024
5313,vesuvius
5314,bear
5315,cinti
5316,brugiano
5317,morsetti
5318,abbruzzino
5319,bellotti
5320,contin
5321,castl
5322,sapori
5323,tiberio
5324,gianfranco
5325,wide
5326,purchas
5327,drawback
5328,grual
5329,hush
5330,50ha
5331,nostra
5332,largest
5333,tourist
5334,consumpt
5335,sublim
5336,escarol
5337,bellini
5338,bacon
5339,serina
5340,agliata
5341,simplic
5342,game
5343,honey
5344,contemporan
5345,prato
5346,1960s
5347,totano
5348,romagnol
5349,deepli
5350,cantones
5351,partner
5352,arbour
5353,farm
5354,past
5355,tunnel
5356,malaspina
5357,belltow
5358,porteri
5359,michelina
5360,earthquak
5361,austria
5362,kalò
5363,inner
5364,shipyard
5365,ionio
5366,korean
5367,narrow
5368,substanti
5369,rough
5370,tuber
5371,bird
5372,bathroom
5373,moro
5374,aliv
5375,olmo
5376,io
5377,coco
5378,serv
5379,shortag
5380,grödnerhof
5381,ecosystem
5382,arrang
5383,tuorlo
5384,caper
5385,outsid
5386,ladl
5387,berri
5388,gran
5389,linear
5390,triest
5391,coccia
5392,greet
5393,basin
5394,friendship
5395,romagnola
5396,sparkl
5397,800m
5398,bandi
5399,giuliano
5400,greek
5401,onyx
5402,confus
5403,attract
5404,zito
5405,lumpfish
5406,1773
5407,sergio
5408,come
5409,met
5410,finer
5411,tablewar
5412,diminut
5413,wend
5414,torchiettibistro
5415,pine
5416,luciana
5417,samuel
5418,affreschi
5419,miss
5420,cannavino
5421,yuzu
5422,disappoint
5423,valtellina
5424,francica
5425,continu
5426,burrata
5427,antich
5428,expens
5429,countri
5430,punta
5431,obstacl
5432,compris
5433,santoro
5434,winckel
5435,pillow
5436,20min
5437,non
5438,venart
5439,annunzio
5440,leonardi
5441,nicknam
5442,monach
5443,chandeli
5444,magnific
5445,effortless
5446,pucia
5447,lina
5448,bucol
5449,breeder
5450,modernis
5451,kondo
5452,lopez
5453,scalera
5454,cornic
5455,argaj
5456,liquid
5457,premis
5458,ischia
5459,ricomincio
5460,restructur
5461,mainland
5462,eater
5463,2007
5464,lonigo
5465,worthi
5466,flourish
5467,cristina
5468,ascent
5469,mancini
5470,cacciator
5471,hunt
5472,campi
5473,000m
5474,8pm
5475,montreal
5476,verdur
5477,tripe
5478,shown
5479,boccondivino
5480,beyond
5481,laguna
5482,new
5483,dent
5484,fabul
5485,street
5486,cling
5487,mazzaroni
5488,sold
5489,easter
5490,filò
5491,grate
5492,liquida
5493,calandrino
5494,textur
5495,canzian
5496,senigallia
5497,roe
5498,al
5499,stracchino
5500,latemar
5501,scic
5502,input
5503,delicato
5504,rosemari
5505,expert
5506,reason
5507,remind
5508,fatjon
5509,brazil
5510,vodka
5511,twentieth
5512,ragout
5513,mpustarella
5514,spiritu
5515,shrimp
5516,craftsmanship
5517,mongiat
5518,carropont
5519,notic
5520,pescator
5521,sow
5522,cantù
5523,coppa
5524,prenestino
5525,blumenstub
5526,iron
5527,pra
5528,strachitunt
5529,randazzo
5530,cavallino
5531,tini
5532,billia
5533,mark
5534,tartlet
5535,oblig
5536,handwritten
5537,combo
5538,tola
5539,focus
5540,ostentati
5541,scapec
5542,17c
5543,porcelli
5544,fascin
5545,marsh
5546,nowher
5547,domenica
5548,offer
5549,minnuzza
5550,much
5551,rediscov
5552,minimis
5553,unnecessari
5554,turbot
5555,francescana
5556,somma
5557,space
5558,1947
5559,aristocrat
5560,creativ
5561,sant
5562,dumpl
5563,morel
5564,sontuosi
5565,synonym
5566,valàdess
5567,9pm
5568,beech
5569,finanziera
5570,stronghold
5571,1927
5572,seriana
5573,nù
5574,val
5575,provocazioni
5576,uncompromis
5577,lighter
5578,natura
5579,curat
5580,unforgett
5581,1000
5582,combin
5583,adher
5584,societi
5585,1862
5586,lee
5587,chip
5588,hamlet
5589,giardiniera
5590,milano
5591,grasso
5592,mescafrancesca
5593,strombolicchio
5594,stem
5595,foot
5596,indulg
5597,think
5598,overnight
5599,rucola
5600,fussi
5601,roberto
5602,novemb
5603,remodel
5604,venic
5605,fidati
5606,parlour
5607,marc
5608,trastever
5609,stringi
5610,grapefruit
5611,fasano
5612,evoc
5613,naiv
5614,intramontabili
5615,spaghetti
5616,papavero
5617,cucina
5618,chjùbica
5619,greec
5620,emilio
5621,drive
5622,confirm
5623,alkerm
5624,torron
5625,scialatielli
5626,alcov
5627,1968
5628,fritti
5629,fagon
5630,pompeo
5631,quintino
5632,raft
5633,liter
5634,brasato
5635,ripen
5636,amberjack
5637,arcad
5638,decorazioni
5639,vittoria
5640,uffizi
5641,volterra
5642,boar
5643,bocca
5644,lionetti
5645,war
5646,1km
5647,dalla
5648,1939
5649,cedroni
5650,regular
5651,versilian
5652,bottom
5653,portion
5654,gualtiero
5655,pergin
5656,cassinetta
5657,tonnato
5658,juliet
5659,manag
5660,buff
5661,suspend
5662,senal
5663,laghi
5664,emblemat
5665,teishokuset
5666,carrega
5667,ciociaria
5668,choic
5669,lazio
5670,smaller
5671,iannotti
5672,nicoletta
5673,levanto
5674,cortina
5675,chessboard
5676,thank
5677,botania
5678,180
5679,monco
5680,fli
5681,interpret
5682,brenta
5683,coton
5684,sour
5685,plant
5686,laid
5687,damiano
5688,contemporaneità
5689,compromis
5690,banfi
5691,atmospher
5692,mamma
5693,mani
5694,studio
5695,ristourànt
5696,increas
5697,sweep
5698,tofana
5699,fountain
5700,1442
5701,coast
5702,passard
5703,background
5704,palai
5705,establish
5706,fishermen
5707,venaria
5708,vie
5709,galleria
5710,moreno
5711,chutney
5712,juan
5713,400
5714,hoteli
5715,centenari
5716,temperatur
5717,experienc
5718,travertin
5719,makorè
5720,azur
5721,bladder
5722,fifth
5723,blaze
5724,hover
5725,cavolo
5726,càuda
5727,gerri
5728,plenti
5729,breweri
5730,montecuccoli
5731,così
5732,400m
5733,sixti
5734,strait
5735,convert
5736,presidiana
5737,mostarda
5738,spread
5739,rialto
5740,soundtrack
5741,lazarov
5742,attempt
5743,boè
5744,herbert
5745,protagonist
5746,ca
5747,chive
5748,1618
5749,alserio
5750,1965
5751,thirti
5752,bay
5753,proud
5754,eugenio
5755,wonder
5756,stigghiola
5757,gimignano
5758,egg
5759,gainn
5760,metr
5761,1949
5762,depict
5763,savor
5764,astut
5765,rise
5766,elisabetta
5767,over
5768,vitello
5769,basso
5770,anagram
5771,proto
5772,suit
5773,oberwirt
5774,pillar
5775,ronchetto
5776,redecor
5777,ancona
5778,candl
5779,shape
5780,sull
5781,episod
5782,neighborhood
5783,rhône
5784,estat
5785,book
5786,colosseum
5787,filanda
5788,sage
5789,mix
5790,genoves
5791,royal
5792,swap
5793,short
5794,runat
5795,excel
5796,bill
5797,1994
5798,guid
5799,motiv
5800,bucchero
5801,creation
5802,fat
5803,writer
5804,franciosi
5805,bendato
5806,flower
5807,giano
5808,infal
5809,pancak
5810,ostiens
5811,juke
5812,vecio
5813,scandinavian
5814,philosophi
5815,donna
5816,dop
5817,calamaro
5818,moresca
5819,staircas
5820,via
5821,façad
5822,lower
5823,longhini
5824,bacher
5825,tradit
5826,degustazion
5827,await
5828,gnudi
5829,susci
5830,shoot
5831,tipico
5832,plessi
5833,variat
5834,magnini
5835,côtes
5836,paint
5837,leas
5838,modica
5839,josè
5840,clement
5841,mouss
5842,gerani
5843,leg
5844,barchessa
5845,nutmeg
5846,castelpoto
5847,roero
5848,h
5849,delta
5850,miravall
5851,remot
5852,common
5853,sort
5854,vita
5855,endiv
5856,unstuffi
5857,reviv
5858,masaki
5859,bunet
5860,fewer
5861,pavilion
5862,soften
5863,older
5864,adject
5865,advis
5866,fracassi
5867,falser
5868,vilòn
5869,corrado
5870,courgett
5871,cuoco
5872,evid
5873,ravenna
5874,pastissada
5875,tobiko
5876,manduria
5877,terracina
5878,bellingeri
5879,16
5880,straight
5881,nephew
5882,riva
5883,holiday
5884,must
5885,lengthway
5886,surpris
5887,august
5888,steel
5889,pepp
5890,wear
5891,pelizzari
5892,sitea
5893,civitella
5894,bake
5895,cerreto
5896,fano
5897,sard
5898,frosio
5899,collina
5900,genoes
5901,orsosemifreddo
5902,pop
5903,maschio
5904,fabbrica
5905,raffael
5906,utmost
5907,parquet
5908,ostuni
5909,cell
5910,alga
5911,unfold
5912,fuenti
5913,15c
5914,consortium
5915,pietropaoli
5916,andrea
5917,model
5918,baia
5919,larger
5920,pupil
5921,deeper
5922,posillipo
5923,abeurr
5924,1933
5925,complet
5926,seed
5927,fort
5928,biodynam
5929,happi
5930,baroni
5931,ciro
5932,stay
5933,everi
5934,suckl
5935,feo
5936,1954
5937,villoresi
5938,trento
5939,oliv
5940,nuvola
5941,winter
5942,le
5943,tartar
5944,broast
5945,avenu
5946,feltrinelli
5947,cucumb
5948,viareggio
5949,accademia
5950,camaldoli
5951,currant
5952,timber
5953,errico
5954,pale
5955,guidi
5956,icehous
5957,glamour
5958,station
5959,lorenzo
5960,tortuga
5961,spanish
5962,bellaria
5963,eight
5964,air
5965,asparagus
5966,fasson
5967,remo
5968,crescenzo
5969,smoke
5970,vespasia
5971,coffer
5972,secondi
5973,lap
5974,silverwar
5975,pheasant
5976,vale
5977,1848
5978,post
5979,materi
5980,emphasis
5981,europ
5982,coloni
5983,sala
5984,miso
5985,summaris
5986,amur
5987,artisan
5988,esposito
5989,autist
5990,munzillo
5991,baretto
5992,eccentr
5993,gold
5994,breast
5995,cauldron
5996,fine
5997,quintessenza
5998,bosco
5999,instead
6000,pandolfo
6001,moat
6002,imprezios
6003,formula
6004,capri
6005,sforzesco
6006,peci
6007,voce
6008,futur
6009,cherri
6010,outlet
6011,saltwat
6012,spaniard
6013,grandmoth
6014,familiar
6015,teverini
6016,spit
6017,ai
6018,fame
6019,puglia
6020,2010
6021,besid
6022,morer
6023,schüttelbrot
6024,rank
6025,annex
6026,gellius
6027,slop
6028,babi
6029,marconi
6030,boer
6031,lakeshor
6032,alighiero
6033,lanzellotti
6034,umbrichelli
6035,giandomenico
6036,biagiola
6037,pock
6038,cow
6039,féold
6040,lambrusco
6041,reflect
6042,horseradish
6043,sadler
6044,moorish
6045,espelett
6046,ceil
6047,cramp
6048,allergi
6049,superl
6050,oro
6051,tapestri
6052,noth
6053,dorona
6054,bougainvillea
6055,saporito
6056,assunta
6057,occas
6058,sliver
6059,migliaccio
6060,napl
6061,fennel
6062,boffa
6063,ulmo
6064,caretak
6065,distanc
6066,landscap
6067,cherasco
6068,sens
6069,taggiasch
6070,biscotti
6071,60th
6072,runner
6073,salon
6074,pisarei
6075,relat
6076,sixth
6077,bristol
6078,croccantezza
6079,got
6080,1967
6081,hip
6082,unmiss
6083,signorini
6084,pet
6085,quit
6086,brighten
6087,partenop
6088,partnership
6089,cacciag
6090,lillaz
6091,bad
6092,marinara
6093,japanes
6094,savouri
6095,menu
6096,metalwork
6097,napolitan
6098,spleen
6099,ruffl
6100,nowaday
6101,hous
6102,fornari
6103,pontinia
6104,among
6105,vagu
6106,magona
6107,invit
6108,windsor
6109,enel
6110,deliber
6111,delicaci
6112,closer
6113,orti
6114,cielo
6115,bressanon
6116,seral
6117,bao
6118,531
6119,saint
6120,brera
6121,forio
6122,rick
6123,2020
6124,gricia
6125,tuscan
6126,attanasio
6127,sigilinium
6128,grandson
6129,puccini
6130,moretto
6131,loyal
6132,scorzonera
6133,stream
6134,fabrizi
6135,1870
6136,hay
6137,hard
6138,accord
6139,moor
6140,galleri
6141,appl
6142,gain
6143,concern
6144,ortica
6145,più
6146,architect
6147,fleme
6148,walk
6149,gather
6150,contribut
6151,perhap
6152,candi
6153,sauté
6154,wife
6155,bring
6156,saletta
6157,ps
6158,pievasciata
6159,guancial
6160,centuri
6161,cesar
6162,everywher
6163,behind
6164,leoni
6165,malga
6166,hamburg
6167,genoveffa
6168,piccolo
6169,record
6170,enchant
6171,children
6172,miki
6173,plain
6174,pagliazza
6175,bolliti
6176,abund
6177,exhibit
6178,undisput
6179,cannavacciuolo
6180,host
6181,wallpap
6182,wing
6183,jerusalem
6184,stori
6185,rosina
6186,tray
6187,trifl
6188,reput
6189,newer
6190,la
6191,romanesco
6192,snapper
6193,lucia
6194,shine
6195,cusago
6196,2019
6197,pannicolo
6198,dama
6199,sign
6200,breda
6201,never
6202,gallipoli
6203,carbonara
6204,equal
6205,oxtail
6206,upper
6207,auster
6208,marchini
6209,sardin
6210,bruzzon
6211,ask
6212,agre
6213,loin
6214,guard
6215,suitabl
6216,177
6217,cover
6218,regard
6219,church
6220,apreda
6221,miteco
6222,utini
6223,brown
6224,aya
6225,graduat
6226,equa
6227,stretch
6228,ragù
6229,nine
6230,rò
6231,fondant
6232,tomei
6233,cube
6234,ost
6235,200
6236,preboggion
6237,harri
6238,adorn
6239,breed
6240,ravioli
6241,matteo
6242,messina
6243,distinguish
6244,lunch
6245,mid
6246,valva
6247,phrase
6248,gisela
6249,wrap
6250,blend
6251,bench
6252,passiria
6253,famili
6254,wieser
6255,pumpkin
6256,pinerolo
6257,ide
6258,repres
6259,luna
6260,ciclopi
6261,road
6262,e
6263,angelica
6264,qafiz
6265,peca
6266,tile
6267,fàula
6268,veal
6269,artichok
6270,imagna
6271,trolley
6272,other
6273,tenor
6274,lobster
6275,arancini
6276,bulk
6277,scosso
6278,golfi
6279,greeneri
6280,manger
6281,picagg
6282,throughout
6283,te
6284,thermal
6285,0
6286,feast
6287,mercato
6288,greco
6289,nin
6290,romagnolo
6291,9th
6292,lombardian
6293,cervo
6294,caviar
6295,go
6296,piazzal
6297,liner
6298,adopt
6299,alciati
6300,late
6301,bound
6302,scomponibili
6303,companion
6304,cellar
6305,provinc
6306,lucchesi
6307,neck
6308,octopus
6309,birthplac
6310,prodigi
6311,soav
6312,perch
6313,floral
6314,pike
6315,libera
6316,box
6317,chieppa
6318,tre
6319,spend
6320,sogno
6321,embrac
6322,butcher
6323,undoubt
6324,overlook
6325,15th
6326,control
6327,willing
6328,lugagnano
6329,stanc
6330,pay
6331,romani
6332,spoltino
6333,end
6334,born
6335,masanti
6336,floor
6337,ceraudo
6338,imperatori
6339,otto
6340,intern
6341,lot
6342,flavia
6343,burri
6344,memoria
6345,che
6346,rossi
6347,dri
6348,immers
6349,autunno
6350,autumn
6351,key
6352,alcherm
6353,shorelin
6354,argentario
6355,famous
6356,lesser
6357,courtyard
6358,hare
6359,cornaredo
6360,vasariana
6361,offshor
6362,es
6363,call
6364,mill
6365,disturb
6366,potì
6367,agnes
6368,90s
6369,linen
6370,giardino
6371,trendiest
6372,buffet
6373,trasimeno
6374,pancetta
6375,sturgeon
6376,monti
6377,speed
6378,gian
6379,lean
6380,probize
6381,sommità
6382,pork
6383,renon
6384,boccadass
6385,viterbo
6386,vastes
6387,owner
6388,match
6389,zhejiang
6390,inexhaust
6391,ferrari
6392,brixen
6393,baumgartn
6394,sake
6395,capannori
6396,wholeheart
6397,crowd
6398,hidden
6399,mancino
6400,22
6401,tyrolean
6402,size
6403,contron
6404,crescendo
6405,acoust
6406,byblo
6407,giancarlo
6408,market
6409,geröstl
6410,conero
6411,cast
6412,suriano
6413,total
6414,troccoli
6415,stage
6416,100m
6417,piedmontes
6418,burrida
6419,alessio
6420,inject
6421,settl
6422,sculptor
6423,mine
6424,plateau
6425,atzeni
6426,museo
6427,privaci
6428,decid
6429,self
6430,claroni
6431,kaiseki
6432,postcard
6433,ivana
6434,one
6435,italian
6436,fauna
6437,antonino
6438,lakefront
6439,daunt
6440,contemporanea
6441,schlosswirt
6442,entertain
6443,casertano
6444,prepar
6445,brandini
6446,katia
6447,militari
6448,mad100
6449,import
6450,fuori
6451,howev
6452,faenza
6453,unknown
6454,1478
6455,tailor
6456,sacristi
6457,squar
6458,burano
6459,hoc
6460,paraggi
6461,culurgion
6462,region
6463,1614
6464,postorino
6465,boulder
6466,pe
6467,udin
6468,pan
6469,inland
6470,patienc
6471,grandeur
6472,cannaregio
6473,articl
6474,crown
6475,pizzaiola
6476,blind
6477,completata
6478,workshop
6479,abat
6480,umbrella
6481,terzavia
6482,shorter
6483,cantinon
6484,folli
6485,benefit
6486,pfanner
6487,montani
6488,grottino
6489,dominican
6490,screen
6491,strang
6492,belveder
6493,king
6494,battl
6495,abocar
6496,renown
6497,confid
6498,vignola
6499,b
6500,christian
6501,valdestali
6502,scalo
6503,puré
6504,toward
6505,worthwhil
6506,informal
6507,liquoric
6508,prosdocimi
6509,mallow
6510,sticker
6511,rolli
6512,tagliatell
6513,intrusi
6514,oltr
6515,caputo
6516,robi
6517,chiesa
6518,easier
6519,caned
6520,pomposa
6521,sassoferrato
6522,triangl
6523,gulf
6524,mutual
6525,sirmiano
6526,herbier
6527,pitosforo
6528,dip
6529,archestrato
6530,cognac
6531,outdoor
6532,1922
6533,svetoni
6534,crespi
6535,reign
6536,agnolotti
6537,toblino
6538,surviv
6539,path
6540,brezza
6541,mirto
6542,1370
6543,koji
6544,fluffi
6545,cipolla
6546,cima
6547,trout
6548,coat
6549,kränzelhof
6550,giandujotto
6551,modugno
6552,goggi
6553,beig
6554,meat
6555,geograph
6556,tonic
6557,pappai
6558,macaroni
6559,1982
6560,cervia
6561,standard
6562,painstak
6563,marcelli
6564,good
6565,gilmor
6566,satoshi
6567,acquaint
6568,siciliana
6569,cappon
6570,lucca
6571,celebr
6572,carpaccio
6573,hop
6574,crostini
6575,bolder
6576,1903
6577,ciuffetelli
6578,alessandria
6579,technic
6580,demand
6581,joël
6582,sole
6583,friday
6584,jackson
6585,household
6586,melania
6587,flavio
6588,rieti
6589,coincid
6590,monviso
6591,fenoglio
6592,chitarra
6593,ampezzo
6594,cavales
6595,argentina
6596,valsassina
6597,opul
6598,1804
6599,steep
6600,bit
6601,cours
6602,pont
6603,marzano
6604,brut
6605,doorbel
6606,base
6607,function
6608,absolut
6609,buratti
6610,hashbe
6611,tortonesi
6612,mascarpon
6613,geotherm
6614,contain
6615,solociccia
6616,dolomit
6617,woodruff
6618,hang
6619,yeast
6620,sacchi
6621,anfiteatro
6622,miramonti
6623,feria
6624,begin
6625,acorn
6626,chain
6627,yacht
6628,rivarola
6629,ellipt
6630,sui
6631,store
6632,carpigiani
6633,terri
6634,pellegrino
6635,madoni
6636,costabella
6637,essenzial
6638,nb
6639,un
6640,gaetano
6641,round
6642,motorway
6643,croton
6644,giacinto
6645,perno
6646,chanc
6647,filosofi
6648,1585
6649,watch
6650,pot
6651,pave
6652,brill
6653,run
6654,salad
6655,lepor
6656,piatto
6657,applic
6658,brigida
6659,augustus
6660,ciotti
6661,sometim
6662,aubergin
6663,lift
6664,reli
6665,zabajon
6666,piergiorgio
6667,fantasi
6668,aprea
6669,neither
6670,portes
6671,west
6672,giorgia
6673,card
6674,nikita
6675,illustr
6676,hark
6677,gucci
6678,separ
6679,warn
6680,precious
6681,jut
6682,piedi
6683,larg
6684,sardinia
6685,per
6686,lanza
6687,ilario
6688,sicignano
6689,pancotto
6690,murrua
6691,libero
6692,occhiovivo
6693,wrought
6694,1602
6695,antonello
6696,vecchio
6697,young
6698,horsemeat
6699,foligno
6700,frantoio
6701,finish
6702,etruscan
6703,underlin
6704,told
6705,crunchi
6706,frescada
6707,abbey
6708,chronopoulo
6709,gavi
6710,moura
6711,magnolia
6712,fed
6713,acereta
6714,aqua
6715,district
6716,ramo
6717,certifi
6718,riviera
6719,comprehens
6720,maglio
6721,convent
6722,guis
6723,cozzetto
6724,antechamb
6725,archangel
6726,peat
6727,trap
6728,advantag
6729,thick
6730,hors
6731,mengoni
6732,mediev
6733,workmanship
6734,oleand
6735,vietres
6736,pinewood
6737,marjoram
6738,gambero
6739,colombia
6740,lookout
6741,marzipan
6742,repubblica
6743,toni
6744,cosi
6745,land
6746,60
6747,rack
6748,enzo
6749,temporari
6750,golf
6751,ero
6752,itali
6753,pie
6754,relationship
6755,vin
6756,cinnamon
6757,tilia
6758,thistl
6759,finocchiaro
6760,carrara
6761,steve
6762,ciaffagnon
6763,flurin
6764,delici
6765,contamin
6766,potato
6767,chantant
6768,gronchi
6769,marcello
6770,abound
6771,professor
6772,foremost
6773,rosewood
6774,thing
6775,nun
6776,16c
6777,1996
6778,promontori
6779,cirò
6780,subtl
6781,8
6782,battisti
6783,herring
6784,portofino
6785,viewpoint
6786,luca
6787,firework
6788,300
6789,mission
6790,ricchebono
6791,18ha
6792,cicada
6793,maltagliati
6794,1991
6795,sappada
6796,blu
6797,snowcat
6798,radetzki
6799,starter
6800,ega
6801,piatti
6802,cost
6803,trinità
6804,seem
6805,volp
6806,balanc
6807,freeli
6808,bottoni
6809,ottima
6810,20km
6811,anchovi
6812,grouper
6813,gola
6814,marrocco
6815,potent
6816,klugmann
6817,budget
6818,gem
6819,luri
6820,prophet
6821,elena
6822,relazioni
6823,balconi
6824,shelv
6825,femal
6826,prison
6827,clear
6828,facil
6829,ernesto
6830,giarr
6831,lino
6832,ritorno
6833,frût
6834,chalk
6835,move
6836,mantuan
6837,wait
6838,give
6839,monument
6840,residenti
6841,papaya
6842,cartoccio
6843,seek
6844,cozzi
6845,papa
6846,consorzio
6847,verg
6848,1300
6849,situat
6850,sibilla
6851,hut
6852,galleon
6853,bloom
6854,mariapaola
6855,valentia
6856,seafront
6857,brunico
6858,sorrentino
6859,chianina
6860,balbianello
6861,grow
6862,ponza
6863,arrosto
6864,delicatessen
6865,laghetto
6866,polignano
6867,barbara
6868,passi
6869,atturrata
6870,sebada
6871,uniqu
6872,colleagu
6873,sho
6874,doubl
6875,lucio
6876,saffron
6877,rye
6878,tortellino
6879,alessandro
6880,bertini
6881,tri
6882,applaus
6883,jame
6884,hostelri
6885,mentor
6886,cream
6887,lesina
6888,taken
6889,three
6890,hagen
6891,locanda
6892,erborinato
6893,life
6894,crayfish
6895,mariella
6896,19c
6897,meatbal
6898,flagship
6899,faith
6900,blasio
6901,silvio
6902,predomin
6903,alassio
6904,quantiti
6905,nicolò
6906,peter
6907,museum
6908,osti
6909,1997
6910,chemic
6911,ordinari
6912,piccola
6913,conserv
6914,characterist
6915,elm
6916,tower
6917,stress
6918,solopiemont
6919,canton
6920,cement
6921,immens
6922,circolino
6923,shaken
6924,founder
6925,explan
6926,armani
6927,ligur
6928,scuncilli
6929,constant
6930,haziri
6931,addict
6932,scheme
6933,franc
6934,burnt
6935,speranzina
6936,childhood
6937,marci
6938,graziano
6939,mellino
6940,silkworm
6941,trip
6942,decis
6943,girtler
6944,del
6945,35min
6946,cusumano
6947,liberti
6948,lava
6949,newest
6950,porta
6951,lamezia
6952,1mq
6953,asolo
6954,restaur
6955,antipasti
6956,blanc
6957,cason
6958,print
6959,agrituristica
6960,pineappl
6961,impronta
6962,slogan
6963,clock
6964,specialti
6965,pacchero
6966,torregrotta
6967,aroma
6968,sotto
6969,palagio
6970,access
6971,rariti
6972,transpar
6973,multicultur
6974,manicon
6975,adda
6976,lorelei
6977,guida
6978,close
6979,piacentin
6980,anto
6981,five
6982,lele
6983,elvira
6984,erba
6985,volta
6986,daria
6987,whitewash
6988,pool
6989,regi
6990,picturesqu
6991,simon
6992,nuovo
6993,music
6994,vigezzo
6995,includ
6996,è
6997,cashew
6998,scottojonno
6999,osmosi
7000,bramea
7001,trentacosti
7002,tagliolini
7003,peopl
7004,amatriciana
7005,dot
7006,favignana
7007,une
7008,radicchio
7009,parmigiana
7010,cabl
7011,leopardi
7012,culinari
7013,flavor
7014,nitto
7015,mean
7016,matilda
7017,berton
7018,trabe
7019,tuscani
7020,proietti
7021,suvereto
7022,overview
7023,18
7024,waiter
7025,recur
7026,chocol
7027,lillybet
7028,sampl
7029,morti
7030,justic
7031,lyche
7032,season
7033,knowledg
7034,vera
7035,sfoglin
7036,immacolata
7037,lumen
7038,allevato
7039,gallo
7040,novic
7041,follow
7042,fermo
7043,pasta
7044,futurist
7045,attent
7046,provolon
7047,oili
7048,maintain
7049,150
7050,cardelli
7051,instant
7052,bottarga
7053,truer
7054,capitano
7055,norma
7056,toceno
7057,umeboshi
7058,1990s
7059,collin
7060,marsala
7061,gambino
7062,origin
7063,vino
7064,adriano
7065,belludia
7066,sun
7067,acquapetra
7068,renov
7069,taormina
7070,pinch
7071,calabrian
7072,sereno
7073,could
7074,mayb
7075,versilia
7076,cerreta
7077,initi
7078,lessinia
7079,african
7080,championship
7081,ribollita
7082,vigilio
7083,sincer
7084,1900
7085,recharg
7086,bernini
7087,augusta
7088,armerina
7089,farmer
7090,misto
7091,earth
7092,escabech
7093,proxim
7094,sheepfold
7095,florenc
7096,comput
7097,sile
7098,soy
7099,fundament
7100,frico
7101,spumon
7102,perpendicular
7103,shore
7104,maze
7105,hewn
7106,coeliac
7107,marin
7108,latt
7109,italo
7110,champagneria
7111,vanlangenaek
7112,castelfranco
7113,babà
7114,palaud
7115,chioggia
7116,therefor
7117,secret
7118,involtini
7119,charleston
7120,entrepreneur
7121,fefa
7122,catch
7123,excurs
7124,basement
7125,bolognes
7126,muro
7127,barbera
7128,room
7129,water
7130,midday
7131,amid
7132,beacon
7133,assort
7134,trentini
7135,pud
7136,exagger
7137,photograph
7138,vertic
7139,immortalis
7140,inclement
7141,trentino
7142,whichev
7143,birth
7144,smetana
7145,sandwich
7146,cartellata
7147,lucan
7148,realis
7149,most
7150,columbus
7151,sfincion
7152,adig
7153,lace
7154,kitchen
7155,partial
7156,acquedotto
7157,alon
7158,sacco
7159,star
7160,collio
7161,ferreri
7162,rispo
7163,avoid
7164,medium
7165,scrubland
7166,temperini
