word,term_id
situat,0
heart,1
genoa,2
histor,3
centr,4
contemporari,5
style,6
restaur,7
focus,8
dish,9
almost,10
fish,11
base,12
present,13
modern,14
gener,15
portion,16
season,17
ingredi,18
market,19
fresh,20
produc,21
guid,22
philosophi,23
alain,24
ducass,25
one,26
great,27
name,28
fine,29
dine,30
arriv,31
napl,32
open,33
former,34
premis,35
prestigi,36
ristorant,37
il,38
comandant,39
9th,40
floor,41
romeo,42
hotel,43
overlook,44
port,45
boast,46
view,47
vesuviu,48
bay,49
especi,50
sunset,51
colour,52
truli,53
spectacular,54
meanwhil,55
room,56
decor,57
complet,58
black,59
equal,60
stun,61
surround,62
alessandro,63
lucassino,64
born,65
1991,66
year,67
experi,68
work,69
mentor,70
add,71
person,72
flavour,73
local,74
recip,75
use,76
short,77
cook,78
time,79
preserv,80
nutriti,81
qualiti,82
veget,83
remain,84
faith,85
cuisin,86
de,87
la,88
naturalité,89
come,90
long,91
way,92
sinc,93
1906,94
owner,95
ancestor,96
inn,97
wine,98
tavern,99
evolv,100
invit,101
eleg,102
tradit,103
seafood,104
reinterpret,105
personalis,106
twist,107
impress,108
list,109
featur,110
label,111
liguria,112
beyond,113
want,114
eat,115
pleasant,116
outdoor,117
terrac,118
pedestrianis,119
street,120
best,121
book,122
ahead,123
known,124
address,125
region,126
enthusiast,127
serv,128
freshli,129
caught,130
prepar,131
simpl,132
allow,133
shine,134
good,135
particularli,136
champagn,137
panoram,138
appeal,139
although,140
wood,141
adorn,142
rustic,143
romant,144
ambienc,145
old,146
alpin,147
hut,148
tubladel,149
ladin,150
hay,151
barn,152
actual,153
stone,154
throw,155
ortisei,156
meat,157
game,158
venison,159
pappardel,160
roast,161
pork,162
shank,163
menu,164
option,165
select,166
glass,167
villa,168
fiordaliso,169
beauti,170
earli,171
20c,172
line,173
lake,174
front,175
verdant,176
ground,177
extend,178
pontoon,179
creativ,180
chef,181
eas,182
extens,183
suggest,184
problem,185
find,186
favourit,187
ask,188
tabl,189
main,190
classic,191
atmospher,192
furnish,193
tast,194
mainli,195
tuscan,196
young,197
graziano,198
accolla,199
return,200
nativ,201
citi,202
highest,203
rais,204
augusta,205
gastronom,206
profil,207
thank,208
michelin,209
star,210
offer,211
highli,212
interest,213
focu,214
top,215
cosmo,216
influenc,217
culinari,218
campania,219
also,220
excel,221
choic,222
search,223
elabor,224
fare,225
complex,226
two,227
intim,228
five,229
minimalist,230
design,231
except,232
hip,233
hop,234
bathroom,235
filia,236
express,237
full,238
charact,239
michael,240
silhavì,241
chosen,242
borgo,243
trento,244
residenti,245
district,246
far,247
fulfil,248
dream,249
sensibl,250
à,251
cart,252
occasion,253
play,254
polpo,255
alla,256
luciana,257
octopu,258
simpler,259
faster,260
avail,261
lunchtim,262
everi,263
respect,264
2007,265
gainn,266
showcas,267
fascin,268
delici,269
korean,270
rice,271
soup,272
plenti,273
soya,274
food,275
order,276
differ,277
share,278
companion,279
sweet,280
tooth,281
warn,282
dessert,283
small,284
act,285
bridg,286
basilicata,287
tuscani,288
signific,289
life,290
result,291
delic,292
famili,293
run,294
staff,295
four,296
provid,297
set,298
enjoy,299
ever,300
popular,301
marchigiana,302
veal,303
steak,304
oliv,305
glowig,306
german,307
birth,308
italian,309
adopt,310
helm,311
gourmet,312
savoy,313
beach,314
mani,315
zero,316
mile,317
sourc,318
properti,319
kitchen,320
garden,321
make,322
effort,323
bring,324
cilento,325
abund,326
typic,327
mediterranean,328
appear,329
structur,330
chang,331
new,332
privat,333
host,334
event,335
hous,336
whose,337
skill,338
ensur,339
guest,340
look,341
care,342
attent,343
choos,344
sommeli,345
roberto,346
hand,347
expert,348
recommend,349
access,350
ski,351
slope,352
spaciou,353
larg,354
pictur,355
window,356
mountain,357
cellar,358
sustain,359
may,360
manag,361
locat,362
restor,363
coach,364
barrel,365
vault,366
brick,367
wall,368
root,369
special,370
snail,371
lamb,372
pasta,373
plu,374
bottl,375
piedmont,376
delight,377
10th,378
grand,379
bristol,380
occupi,381
roof,382
breathtak,383
promontori,384
portofino,385
itali,386
particular,387
emphasi,388
given,389
sure,390
tri,391
tortelli,392
di,393
preboggion,394
herb,395
vais,396
chees,397
walnut,398
sauc,399
even,400
weather,401
kind,402
aperitif,403
perhap,404
take,405
sun,406
ciro,407
sicignano,408
hail,409
gragnano,410
perfect,411
energi,412
imagin,413
dedic,414
oil,415
lorelei,416
londr,417
francesco,418
partner,419
bright,420
pride,421
place,422
puglian,423
nod,424
origin,425
right,426
moor,427
appreci,428
charm,429
veranda,430
current,431
retain,432
ad,433
touch,434
includ,435
freshwat,436
central,437
plain,438
interior,439
space,440
summer,441
osteria,442
acquarol,443
strongli,444
yet,445
techniqu,446
much,447
often,448
aromat,449
wild,450
grown,451
2023,452
domin,453
role,454
seven,455
nine,456
cours,457
exampl,458
cold,459
minestra,460
entitl,461
l,462
orto,463
dietro,464
angolo,465
around,466
corner,467
unusu,468
green,469
tagliatel,470
balanc,471
bitter,472
cremona,473
bellingeri,474
comfort,475
inform,476
gasthau,477
welcom,478
feel,479
talent,480
herbert,481
hintner,482
undisput,483
master,484
alto,485
adig,486
within,487
build,488
town,489
potato,490
ravioli,491
fill,492
speck,493
ham,494
spleen,495
crostini,496
broth,497
alongsid,498
arancini,499
gorgonzola,500
uniqu,501
prati,502
home,503
subtli,504
lit,505
discreet,506
profession,507
vari,508
demonstr,509
lazio,510
past,511
well,512
construct,513
recent,514
updat,515
latest,516
equip,517
saletta,518
22,519
admir,520
san,521
domenico,522
timeless,523
english,524
attract,525
squar,526
public,527
backdrop,528
massimiliano,529
mascia,530
simpli,531
without,532
excess,533
frill,534
satisfact,535
avoid,536
trend,537
array,538
section,539
exclus,540
rare,541
1985,542
un,543
posto,544
milan,545
farmhous,546
ideal,547
spend,548
hour,549
agricultur,550
carpentri,551
workshop,552
venu,553
activ,554
sometim,555
made,556
possibl,557
organ,558
judg,559
walk,560
cross,561
threshold,562
savour,563
form,564
palazzo,565
città,566
sant,567
angelo,568
distanc,569
authent,570
unfussi,571
nearbi,572
farm,573
splash,574
florentin,575
chianti,576
latter,577
number,578
precis,579
real,580
flair,581
arrang,582
seri,583
multi,584
level,585
semicircular,586
island,587
sea,588
gavi,589
zannon,590
consequ,591
stage,592
along,593
sceneri,594
seem,595
broken,596
horsesho,597
ronchetto,598
napoleon,599
1800,600
stay,601
night,602
inde,603
post,604
hors,605
sho,606
later,607
convert,608
bakeri,609
butcher,610
shop,611
trattoria,612
annex,613
bowl,614
alley,615
today,616
specialti,617
fri,618
brain,619
milanes,620
cutlet,621
becom,622
imperi,623
definit,624
tell,625
stori,626
antonino,627
cannavacciuolo,628
creat,629
reconnect,630
childhood,631
memori,632
grandfath,633
caretak,634
sens,635
hospit,636
abli,637
interpret,638
resid,639
nicola,640
somma,641
celebr,642
combin,643
journey,644
northern,645
southern,646
either,647
keep,648
aliv,649
preciou,650
constantli,651
expand,652
satisfi,653
demand,654
buff,655
unforgett,656
relax,657
bucol,658
outli,659
villag,660
countrysid,661
ichikawa,662
part,663
introduc,664
japanes,665
decad,666
countri,667
variou,668
final,669
eateri,670
rang,671
familiar,672
sushi,673
sashimi,674
less,675
land,676
rise,677
discov,678
joy,679
cavallino,680
establish,681
pay,682
tribut,683
ferrari,684
symbol,685
maranello,686
across,687
globe,688
massimo,689
bottura,690
tortellini,691
del,692
tortellant,693
evidenc,694
crème,695
caramel,696
36,697
month,698
age,699
parmesan,700
chive,701
12,702
balsam,703
vinegar,704
trendi,705
flower,706
deck,707
magic,708
roero,709
langh,710
giusepp,711
errico,712
surpris,713
accord,714
inspir,715
necessarili,716
famou,717
artist,718
jackson,719
pollock,720
alberto,721
burri,722
rosso,723
inedita,724
croccantezza,725
signatur,726
agli,727
amici,728
lead,729
friuli,730
venezia,731
giulia,732
border,733
divers,734
cultur,735
teem,736
vegetarian,737
individu,738
emanuel,739
scarello,740
pastureland,741
transform,742
art,743
godia,744
involv,745
butter,746
sage,747
appl,748
ferment,749
turnip,750
michela,751
respons,752
close,753
knit,754
team,755
upper,756
lonigo,757
park,758
near,759
peca,760
know,761
portinari,762
fli,763
flag,764
seriou,765
hall,766
loung,767
smoker,768
warm,769
first,770
veneto,771
prove,772
skil,773
alik,774
deserv,775
mention,776
receiv,777
passion,778
award,779
2024,780
dark,781
chocol,782
soufflé,783
coffe,784
ice,785
cream,786
apricot,787
peat,788
whiski,789
overseen,790
matteo,791
bressan,792
vintag,793
alajmo,794
brother,795
stand,796
bank,797
sile,798
river,799
minut,800
venetian,801
lagoon,802
vineyard,803
meadow,804
strong,805
renov,806
18c,807
mill,808
meschio,809
adriano,810
warmth,811
meal,812
nestl,813
amid,814
hill,815
caserta,816
gem,817
marotta,818
surprisingli,819
high,820
anyth,821
predict,822
three,823
leccarda,824
pigeon,825
umbrian,826
bird,827
head,828
waiter,829
detail,830
explan,831
man,832
water,833
sport,834
echo,835
technic,836
fit,837
end,838
strike,839
saffron,840
aim,841
promot,842
craft,843
beer,844
worthi,845
pair,846
faenza,847
mogano,848
soft,849
light,850
next,851
ritual,852
lab,853
breweri,854
son,855
greet,856
dinner,857
intern,858
behind,859
world,860
despit,861
vial,862
dei,863
cipressi,864
avenu,865
area,866
wineri,867
guado,868
al,869
tasso,870
renown,871
shade,872
plane,873
tree,874
mostli,875
cure,876
grill,877
steep,878
step,879
costa,880
bavaglino,881
azur,882
direct,883
honest,884
addit,885
cocktail,886
altern,887
turin,888
piazza,889
carlo,890
inner,891
courtyard,892
whether,893
opt,894
piedmontes,895
remark,896
superb,897
hairpin,898
bend,899
downhil,900
marina,901
canton,902
stretch,903
coastlin,904
shelter,905
tre,906
pizzi,907
taverna,908
capitano,909
casa,910
caputo,911
entranc,912
rooftop,913
sound,914
wave,915
alfonso,916
extraordinari,917
lakesid,918
verbania,919
england,920
saltwat,921
vecio,922
macello,923
ceil,924
process,925
plant,926
pipe,927
steam,928
pasteuris,929
raw,930
brescia,931
4,932
0,933
geotherm,934
heat,935
technolog,936
control,937
bistro,938
theatr,939
middl,940
basement,941
relai,942
flora,943
natur,944
nissen,945
predominantli,946
sicilian,947
edg,948
tini,949
essenti,950
brainchild,951
south,952
african,953
tristan,954
du,955
plessi,956
capit,957
pietropaoli,958
5,959
7,960
cosmopolitan,961
vicina,962
lingotto,963
factori,964
easili,965
metro,966
car,967
pea,968
environment,969
friendli,970
product,971
fasson,972
tuna,973
rabbit,974
ossobuco,975
agnolotti,976
leav,977
zabaglion,978
ivrea,979
tart,980
narrow,981
dot,982
coupl,983
wife,984
overse,985
husband,986
subtl,987
fore,988
temperatur,989
cut,990
ferrara,991
picturesqu,992
mediev,993
provinc,994
rieti,995
umbria,996
expos,997
foot,998
contigliano,999
church,1000
carlotta,1001
delicato,1002
kept,1003
deliber,1004
mirabella,1005
clusan,1006
iseo,1007
group,1008
eight,1009
trulli,1010
20,1011
seat,1012
throughout,1013
among,1014
réva,1015
resort,1016
4km,1017
monfort,1018
alba,1019
fre,1020
marches,1021
sophist,1022
french,1023
rich,1024
risotto,1025
extract,1026
replac,1027
caviar,1028
bone,1029
marrow,1030
gratin,1031
piccolo,1032
bistrot,1033
outskirt,1034
coldana,1035
busi,1036
join,1037
proietti,1038
refrigeri,1039
gradual,1040
distinct,1041
icon,1042
30,1043
varieti,1044
accompani,1045
mallow,1046
kombucha,1047
porta,1048
lush,1049
andrea,1050
tapestri,1051
white,1052
marbl,1053
fireplac,1054
exot,1055
miss,1056
amberjack,1057
caponata,1058
cevich,1059
contrast,1060
bread,1061
aubergin,1062
castl,1063
spilimbergo,1064
splendid,1065
façad,1066
14c,1067
fresco,1068
somewher,1069
textil,1070
chic,1071
industri,1072
divid,1073
separ,1074
bar,1075
gin,1076
tapa,1077
experiment,1078
enclos,1079
built,1080
suspend,1081
platform,1082
excit,1083
moi,1084
decidedli,1085
smart,1086
fleme,1087
north,1088
west,1089
rome,1090
thoma,1091
daili,1092
basi,1093
reason,1094
price,1095
servic,1096
kilometr,1097
pecorino,1098
tartar,1099
chimichurri,1100
argentina,1101
paccheri,1102
dent,1103
type,1104
tomato,1105
red,1106
caper,1107
enthusiasm,1108
modesti,1109
key,1110
characterist,1111
1km,1112
shore,1113
garda,1114
peter,1115
brunel,1116
trentino,1117
soul,1118
whole,1119
sofa,1120
armchair,1121
sit,1122
entic,1123
appetis,1124
pass,1125
proven,1126
rest,1127
nikkei,1128
flight,1129
fantasi,1130
poet,1131
gabriel,1132
annunzio,1133
brilliant,1134
christian,1135
rainer,1136
acclaim,1137
brera,1138
refurbish,1139
autumn,1140
2019,1141
artisan,1142
bespok,1143
canzian,1144
anyon,1145
invent,1146
beneath,1147
castello,1148
oldofredi,1149
elsewher,1150
afield,1151
evid,1152
tuck,1153
away,1154
alleyway,1155
predomin,1156
scheme,1157
give,1158
anonym,1159
rural,1160
road,1161
junction,1162
outsid,1163
someth,1164
insid,1165
femal,1166
homemad,1167
girella,1168
e,1169
cartellata,1170
egg,1171
yolk,1172
stuf,1173
ricotta,1174
goat,1175
ciauscolo,1176
sausag,1177
march,1178
ragu,1179
reduct,1180
pergola,1181
patron,1182
giacomo,1183
caravello,1184
span,1185
milazzo,1186
refin,1187
airi,1188
grow,1189
assur,1190
refer,1191
intrigu,1192
quiet,1193
sitea,1194
second,1195
face,1196
termini,1197
station,1198
cum,1199
approach,1200
nearli,1201
purchas,1202
counter,1203
happi,1204
help,1205
mislead,1206
eventu,1207
led,1208
still,1209
theme,1210
lover,1211
padova,1212
ring,1213
parma,1214
torta,1215
fritta,1216
pie,1217
mix,1218
zuppa,1219
ingles,1220
trifl,1221
metr,1222
lucera,1223
cathedr,1224
stabl,1225
nowaday,1226
crown,1227
gold,1228
cabinet,1229
display,1230
400,1231
swordfish,1232
prawn,1233
scampi,1234
focaccia,1235
import,1236
ricchebuono,1237
children,1238
parent,1239
truer,1240
father,1241
pivot,1242
noli,1243
dialect,1244
cicetta,1245
monkfish,1246
daughter,1247
mother,1248
martina,1249
supervis,1250
subdivid,1251
elia,1252
trolley,1253
guestroom,1254
15c,1255
vescovil,1256
patienc,1257
need,1258
get,1259
coast,1260
wind,1261
furor,1262
marisa,1263
cuomo,1264
opposit,1265
vista,1266
impos,1267
gate,1268
club,1269
dirt,1270
track,1271
pievasciata,1272
cultiv,1273
visibilio,1274
partnership,1275
daniel,1276
canella,1277
iannotti,1278
krèsio,1279
teles,1280
term,1281
sienes,1282
similar,1283
formula,1284
singl,1285
blind,1286
feast,1287
flourish,1288
finger,1289
inspector,1290
rhubarb,1291
absinth,1292
hermitag,1293
charcoal,1294
postcard,1295
bygon,1296
day,1297
textur,1298
worth,1299
aptli,1300
madama,1301
piola,1302
highlight,1303
memor,1304
onion,1305
tonnato,1306
brais,1307
cheek,1308
hot,1309
back,1310
asia,1311
dal,1312
degan,1313
turn,1314
howev,1315
carbonara,1316
dell,1317
baccalà,1318
vicentina,1319
dri,1320
cod,1321
tripe,1322
wide,1323
bodi,1324
palat,1325
cerreto,1326
guidi,1327
ps,1328
magnific,1329
medici,1330
petriolo,1331
luxuri,1332
enhanc,1333
extra,1334
virgin,1335
cinta,1336
senes,1337
chicken,1338
cereal,1339
artichok,1340
estat,1341
golpaia,1342
medium,1343
blend,1344
merlot,1345
sangioves,1346
aroma,1347
remo,1348
move,1349
ago,1350
hero,1351
garibaldi,1352
thousand,1353
chioggia,1354
ronchi,1355
rò,1356
agriturismo,1357
roll,1358
woodland,1359
collio,1360
enchant,1361
issa,1362
resolut,1363
salami,1364
goos,1365
frico,1366
six,1367
advis,1368
friendship,1369
prompt,1370
bologna,1371
seta,1372
worri,1373
maurilio,1374
advic,1375
beverag,1376
sake,1377
wish,1378
immers,1379
fulli,1380
sorrento,1381
16c,1382
monasteri,1383
1,1384
600,1385
wherev,1386
albeit,1387
aversa,1388
linguin,1389
lemon,1390
marin,1391
scorpion,1392
bottarga,1393
gnocchi,1394
neapolitan,1395
ragù,1396
basil,1397
pesto,1398
salt,1399
slop,1400
schio,1401
easi,1402
got,1403
go,1404
last,1405
continu,1406
altitud,1407
600m,1408
reach,1409
lodg,1410
corrado,1411
fasolato,1412
experienc,1413
flock,1414
reput,1415
discoveri,1416
justli,1417
anoth,1418
third,1419
spinechil,1420
paola,1421
branca,1422
doria,1423
genova,1424
bernardo,1425
strozzi,1426
1618,1427
ivano,1428
ricchebono,1429
live,1430
energet,1431
elisa,1432
owe,1433
success,1434
win,1435
sold,1436
door,1437
lengthway,1438
like,1439
bolognes,1440
starter,1441
follow,1442
della,1443
vittoria,1444
federico,1445
delmont,1446
poor,1447
nonetheless,1448
adjust,1449
catch,1450
fano,1451
brodetto,1452
alici,1453
santandrea,1454
conca,1455
marini,1456
amalfi,1457
repres,1458
alway,1459
fanci,1460
majolica,1461
tile,1462
sky,1463
crescenzo,1464
scotti,1465
fond,1466
previous,1467
ravello,1468
vulcano,1469
craftsmanship,1470
ischia,1471
praiano,1472
totano,1473
patat,1474
praianes,1475
squid,1476
meatbal,1477
partli,1478
melt,1479
left,1480
everyth,1481
togeth,1482
bottega,1483
lucia,1484
iberian,1485
peninsula,1486
york,1487
american,1488
drink,1489
tempt,1490
snack,1491
catania,1492
manuel,1493
tropea,1494
asina,1495
lattuga,1496
morn,1497
sicili,1498
fortifi,1499
prosper,1500
fisheri,1501
tourist,1502
cortil,1503
arabo,1504
rock,1505
sooth,1506
tyrrhenian,1507
mamma,1508
maria,1509
parmigiana,1510
shellfish,1511
fashion,1512
photograph,1513
eaten,1514
120,1515
alfresco,1516
landscap,1517
santa,1518
caterina,1519
perch,1520
tranquil,1521
pepp,1522
stanzion,1523
salerno,1524
gain,1525
california,1526
australia,1527
china,1528
thailand,1529
obviou,1530
infus,1531
soy,1532
smoke,1533
crispi,1534
yuzu,1535
vegan,1536
gluten,1537
free,1538
calm,1539
blue,1540
everyon,1541
pre,1542
partial,1543
dolomit,1544
caravella,1545
histori,1546
intric,1547
link,1548
tourism,1549
imposs,1550
fallen,1551
love,1552
dipino,1553
proudli,1554
seek,1555
pear,1556
aglianico,1557
shrimp,1558
cow,1559
speed,1560
pezzogna,1561
bream,1562
supplement,1563
necessari,1564
half,1565
agerola,1566
sparkl,1567
legendari,1568
tâche,1569
smaller,1570
unknown,1571
whatev,1572
prefer,1573
tonino,1574
found,1575
enoteca,1576
pinchiorri,1577
wooden,1578
renaiss,1579
architectur,1580
rear,1581
innov,1582
japan,1583
franc,1584
risoni,1585
cuttlefish,1586
liver,1587
cherri,1588
perbellini,1589
giancarlo,1590
basilica,1591
palladiana,1592
grandi,1593
elena,1594
lanza,1595
decid,1596
usual,1597
mean,1598
unchang,1599
expertis,1600
intent,1601
unnecessari,1602
asian,1603
previou,1604
assist,1605
polignano,1606
scene,1607
passeggiata,1608
statu,1609
modugno,1610
lunch,1611
conveni,1612
advantag,1613
pizzeria,1614
pizza,1615
scarallo,1616
must,1617
keen,1618
casentino,1619
pappa,1620
pomodoro,1621
would,1622
expect,1623
florenc,1624
souvenir,1625
santino,1626
delicatessen,1627
duomo,1628
voghera,1629
bear,1630
wit,1631
hush,1632
martino,1633
inherit,1634
colleoni,1635
never,1636
fail,1637
constant,1638
vittorio,1639
emphasis,1640
paolo,1641
slight,1642
oltrepò,1643
paves,1644
19c,1645
dario,1646
fisichella,1647
abroad,1648
300,1649
marsala,1650
fifth,1651
177,1652
via,1653
toledo,1654
exhibit,1655
handmad,1656
paper,1657
manner,1658
written,1659
recal,1660
tombola,1661
brembo,1662
enter,1663
fairytal,1664
orob,1665
peak,1666
declar,1667
round,1668
dairi,1669
sell,1670
start,1671
cicchetteria,1672
100,1673
compromis,1674
clear,1675
snowsho,1676
winter,1677
excurs,1678
tret,1679
method,1680
announc,1681
unexpectedli,1682
arca,1683
elegantli,1684
sister,1685
abruzzo,1686
certifi,1687
describ,1688
feuerstein,1689
val,1690
flere,1691
vipiteno,1692
closer,1693
austrian,1694
tina,1695
marcelli,1696
grandmoth,1697
fed,1698
fruit,1699
chemic,1700
support,1701
male,1702
saddl,1703
scorzonera,1704
treat,1705
lift,1706
kursaal,1707
penthous,1708
salad,1709
turbot,1710
fillet,1711
crackl,1712
alkerm,1713
cake,1714
pastri,1715
finish,1716
directli,1717
nouveau,1718
plan,1719
immedi,1720
ilario,1721
vagu,1722
collect,1723
romano,1724
levi,1725
grappa,1726
sever,1727
shabbi,1728
provenc,1729
firmli,1730
amus,1731
che,1732
fritto,1733
fa,1734
si,1735
salvia,1736
chi,1737
può,1738
grace,1739
smile,1740
bonu,1741
true,1742
connoisseur,1743
mantuan,1744
mantova,1745
lesser,1746
sorbir,1747
pike,1748
anchovi,1749
polenta,1750
mash,1751
sbrisolona,1752
disappoint,1753
cantù,1754
museum,1755
librari,1756
ecuador,1757
botania,1758
3ha,1759
better,1760
introduct,1761
await,1762
mirto,1763
shorter,1764
grower,1765
girl,1766
forio,1767
1949,1768
sampl,1769
zampognaro,1770
bean,1771
mussel,1772
ischian,1773
terracotta,1774
visitor,1775
ligurian,1776
hazelnut,1777
tempura,1778
grapefruit,1779
granita,1780
fassona,1781
beef,1782
antico,1783
sutri,1784
viterbo,1785
greeneri,1786
simon,1787
lezzereni,1788
underpin,1789
coastal,1790
fiumicino,1791
pascucci,1792
è,1793
profondo,1794
mare,1795
orient,1796
gurnard,1797
kaluga,1798
amur,1799
courgett,1800
vanessa,1801
ceram,1802
toward,1803
sini,1804
vernaccia,1805
su,1806
murrua,1807
sardinian,1808
ivan,1809
matares,1810
oristano,1811
inland,1812
mutton,1813
pintadera,1814
liquoric,1815
sannio,1816
vast,1817
spent,1818
painstak,1819
decis,1820
orchestr,1821
borromeo,1822
courtesi,1823
observ,1824
spaghetti,1825
creami,1826
intens,1827
seemingli,1828
worthwhil,1829
etna,1830
offshor,1831
700,1832
cusumano,1833
chardonnay,1834
pinot,1835
nero,1836
zur,1837
rose,1838
certainli,1839
mark,1840
tyrolean,1841
rout,1842
version,1843
ident,1844
date,1845
1300,1846
rosa,1847
1585,1848
ride,1849
crest,1850
falter,1851
unmiss,1852
fan,1853
expon,1854
portico,1855
bagna,1856
caoda,1857
boil,1858
finanziera,1859
stew,1860
profus,1861
period,1862
vicciola,1863
tender,1864
australian,1865
scottona,1866
chair,1867
romagna,1868
valu,1869
money,1870
neighbourhood,1871
ravarotto,1872
sardinia,1873
filindeu,1874
difficult,1875
le,1876
radici,1877
fàula,1878
langa,1879
amphitheatr,1880
valley,1881
biodynam,1882
lakeshor,1883
giardinetto,1884
centenari,1885
giulio,1886
aeolian,1887
bastion,1888
sumptuou,1889
albergo,1890
diffuso,1891
other,1892
boeri,1893
spa,1894
reserv,1895
requir,1896
knowledg,1897
tour,1898
visit,1899
reveal,1900
unexpect,1901
guido,1902
adriat,1903
glori,1904
canocchia,1905
ricorda,1906
ai,1907
frutti,1908
destin,1909
stapl,1910
emilian,1911
genuin,1912
barolo,1913
cheer,1914
break,1915
littl,1916
bundl,1917
strictli,1918
suitabl,1919
meet,1920
friend,1921
colleagu,1922
montefeltro,1923
salumi,1924
porchetta,1925
etc,1926
rib,1927
scottish,1928
breed,1929
expens,1930
claudia,1931
riccardo,1932
piastrino,1933
held,1934
nurtur,1935
embellish,1936
total,1937
harmoni,1938
agostini,1939
overli,1940
fussi,1941
spaghetto,1942
verd,1943
pink,1944
latini,1945
cavolo,1946
chicori,1947
maritim,1948
amount,1949
collina,1950
marecchia,1951
numer,1952
tend,1953
courteou,1954
stylish,1955
loos,1956
translat,1957
eye,1958
tastebud,1959
practic,1960
specialis,1961
hamlet,1962
truffl,1963
boutiqu,1964
soon,1965
sand,1966
makorè,1967
ventur,1968
adjac,1969
fishmong,1970
length,1971
ordinari,1972
fragrant,1973
stracciatella,1974
tongu,1975
ventresca,1976
giardiniera,1977
deep,1978
abat,1979
fortana,1980
grape,1981
realli,1982
sirmion,1983
shelv,1984
aosta,1985
stock,1986
dozen,1987
beatric,1988
delicaci,1989
element,1990
larger,1991
softer,1992
crust,1993
leaven,1994
peopl,1995
dough,1996
flour,1997
exterior,1998
vilòn,1999
muro,2000
amatriciana,2001
cacio,2002
pepe,2003
oro,2004
procida,2005
ambiti,2006
prioritis,2007
eschew,2008
emilia,2009
duck,2010
toast,2011
vicenza,2012
casserol,2013
campanian,2014
archaeolog,2015
site,2016
purpl,2017
schito,2018
chickpea,2019
teano,2020
provola,2021
castelpoto,2022
casertona,2023
giuliano,2024
stroll,2025
rimini,2026
brightli,2027
paint,2028
fishermen,2029
cappelletti,2030
mora,2031
romagnola,2032
hallmark,2033
fourth,2034
cagliari,2035
connect,2036
exagger,2037
say,2038
cimbron,2039
spot,2040
gulf,2041
frame,2042
wisteria,2043
explos,2044
advanc,2045
materi,2046
travertin,2047
fortun,2048
quit,2049
justic,2050
expans,2051
mont,2052
mario,2053
encircl,2054
spread,2055
silent,2056
doze,2057
1994,2058
heinz,2059
beck,2060
undiminish,2061
explor,2062
suburb,2063
trail,2064
schlosswirt,2065
forst,2066
luisl,2067
stube,2068
chandeli,2069
candl,2070
lui,2071
haller,2072
spimpolo,2073
quest,2074
drawn,2075
morra,2076
camia,2077
elisabetta,2078
repertoir,2079
rack,2080
luserna,2081
barbequ,2082
iacopo,2083
encyclopaed,2084
rho,2085
chitarra,2086
skewer,2087
nascosto,2088
hidden,2089
lie,2090
terni,2091
niccolò,2092
palumbo,2093
maîtr,2094
lorenzo,2095
catucci,2096
dynam,2097
entrepreneur,2098
scale,2099
mouthwat,2100
colonnata,2101
lardo,2102
chestnut,2103
prato,2104
recycl,2105
ampezzo,2106
file,2107
carri,2108
incompar,2109
gaspari,2110
refresh,2111
notic,2112
visibl,2113
sugar,2114
sanbrit,2115
liter,2116
healthi,2117
pastur,2118
evok,2119
villadorata,2120
noto,2121
viviana,2122
vares,2123
carnaghi,2124
weekday,2125
entir,2126
barbecu,2127
1959,2128
longest,2129
aquila,2130
nostalg,2131
antipasti,2132
slice,2133
spinach,2134
zabaion,2135
sambuca,2136
semifreddo,2137
show,2138
arnaldo,2139
calf,2140
pig,2141
trotter,2142
gravi,2143
sfoglin,2144
maker,2145
bramea,2146
proprietor,2147
characteris,2148
seafront,2149
miki,2150
monterosso,2151
nino,2152
costanzo,2153
maqui,2154
shrub,2155
watch,2156
extrem,2157
concept,2158
contaminazioni,2159
dimora,2160
ulmo,2161
mano,2162
libera,2163
sassi,2164
paradis,2165
modica,2166
baron,2167
youth,2168
hostelri,2169
cosi,2170
late,2171
josta,2172
fregula,2173
mullet,2174
saba,2175
modena,2176
oldest,2177
pomposa,2178
rebuilt,2179
1717,2180
apart,2181
luca,2182
marchini,2183
abl,2184
signora,2185
gianello,2186
fell,2187
bought,2188
feminin,2189
strawberri,2190
berri,2191
gather,2192
institut,2193
seclud,2194
pineta,2195
nondescript,2196
pordenon,2197
aviano,2198
magredi,2199
150th,2200
birthday,2201
all,2202
nazioni,2203
curtaton,2204
mincio,2205
beacon,2206
pumpkin,2207
salsa,2208
slow,2209
emblem,2210
versilia,2211
40,2212
1981,2213
chiara,2214
regularli,2215
guarante,2216
bake,2217
mayonnais,2218
prais,2219
non,2220
burgundi,2221
vibrant,2222
gabicc,2223
posillipo,2224
imagna,2225
cannelloni,2226
guancialino,2227
mouss,2228
crumb,2229
marzipan,2230
svevo,2231
assunta,2232
quintessenza,2233
capabl,2234
gennaro,2235
stefano,2236
puglia,2237
17c,2238
soak,2239
panissa,2240
naval,2241
rex,2242
transatlant,2243
liner,2244
slightli,2245
cement,2246
fact,2247
heavi,2248
toku,2249
yoji,2250
tokuyoshi,2251
horsemeat,2252
tataki,2253
pizzaiola,2254
neck,2255
friggitello,2256
pepper,2257
bench,2258
underst,2259
palermo,2260
vucciria,2261
cala,2262
bold,2263
studio,2264
sculptor,2265
antonello,2266
gagini,2267
henc,2268
brazilian,2269
mauricio,2270
zillo,2271
papaya,2272
put,2273
circolino,2274
claudio,2275
sadler,2276
sacchi,2277
café,2278
fold,2279
c,2280
era,2281
una,2282
volta,2283
missoltino,2284
carp,2285
spanish,2286
suquet,2287
stood,2288
viaj,2289
shiso,2290
kombu,2291
seawe,2292
wend,2293
sondrio,2294
5km,2295
ambrogio,2296
spring,2297
granda,2298
consortium,2299
whip,2300
1982,2301
carpigiani,2302
machin,2303
somewhat,2304
barbera,2305
monferrato,2306
laid,2307
franca,2308
positano,2309
li,2310
galli,2311
savio,2312
perna,2313
torr,2314
greco,2315
spotlight,2316
breeder,2317
overal,2318
000,2319
krug,2320
plaza,2321
russi,2322
viareggio,2323
promenad,2324
freeli,2325
landi,2326
brought,2327
prenestino,2328
centocel,2329
referenc,2330
giudia,2331
coratella,2332
offal,2333
pedestrian,2334
reliabl,2335
quail,2336
acacia,2337
honey,2338
puré,2339
radicchio,2340
marco,2341
vergin,2342
embark,2343
adventur,2344
brand,2345
badia,2346
porto,2347
giorgio,2348
richard,2349
abou,2350
zaki,2351
macerata,2352
michel,2353
biagiola,2354
field,2355
gourmethotel,2356
tenn,2357
canal,2358
indoor,2359
desir,2360
taormina,2361
st,2362
georg,2363
hashbe,2364
palm,2365
strait,2366
messina,2367
salvator,2368
iuliano,2369
instinct,2370
intuit,2371
calabrian,2372
uphil,2373
terra,2374
fairi,2375
tale,2376
heinrich,2377
schneider,2378
self,2379
taught,2380
studi,2381
applic,2382
attach,2383
pace,2384
masterpiec,2385
aesthet,2386
doubl,2387
glaze,2388
garbanzo,2389
stellaria,2390
liquid,2391
tenderloin,2392
spice,2393
pimpernel,2394
trust,2395
alcohol,2396
gisela,2397
rather,2398
isol,2399
posit,2400
andora,2401
path,2402
similarli,2403
cannaregio,2404
environ,2405
see,2406
higher,2407
bit,2408
sip,2409
expertli,2410
appli,2411
piec,2412
bino,2413
giarr,2414
corridor,2415
excelsior,2416
sorrentin,2417
otherwis,2418
montefusco,2419
frati,2420
minimi,2421
minim,2422
citru,2423
complement,2424
tea,2425
aristocrat,2426
laetitia,2427
1911,2428
stucco,2429
column,2430
occas,2431
stile,2432
forgotten,2433
tarallo,2434
cracker,2435
baba,2436
henri,2437
prosperi,2438
belov,2439
2021,2440
accomplish,2441
serena,2442
firm,2443
petru,2444
sassicaia,2445
elev,2446
tavolara,2447
custom,2448
consist,2449
fabric,2450
substanti,2451
puff,2452
consult,2453
tablet,2454
franciacorta,2455
clean,2456
naiv,2457
defin,2458
incàlmo,2459
distinctli,2460
clearli,2461
recognis,2462
probabl,2463
though,2464
music,2465
kaiseki,2466
integr,2467
miso,2468
low,2469
lighter,2470
testaccio,2471
associ,2472
francesca,2473
ciucci,2474
sweetbread,2475
roman,2476
coda,2477
carrozza,2478
oxtail,2479
hurri,2480
prior,2481
shadow,2482
doubt,2483
penultim,2484
royalhotel,2485
trinità,2486
monti,2487
gianicolo,2488
adèl,2489
huge,2490
porceddu,2491
suckl,2492
ceramist,2493
whichev,2494
grove,2495
spit,2496
maccaron,2497
busa,2498
culurgion,2499
vecchia,2500
euro,2501
langoustin,2502
garlic,2503
rosemari,2504
evoc,2505
cavour,2506
anim,2507
wallpap,2508
color,2509
neat,2510
feuill,2511
lack,2512
fun,2513
mixolog,2514
ça,2515
va,2516
dire,2517
consider,2518
larossa,2519
reflect,2520
spirit,2521
reli,2522
cort,2523
degli,2524
imperatori,2525
salviati,2526
vito,2527
mollica,2528
creation,2529
depict,2530
episod,2531
odyssey,2532
gentl,2533
bubbl,2534
fountain,2535
background,2536
soundtrack,2537
sublim,2538
artistri,2539
gastronomi,2540
università,2541
gusto,2542
pollenzo,2543
royal,2544
impecc,2545
tistot,2546
panna,2547
cotta,2548
consorzio,2549
tumin,2550
mel,2551
nobl,2552
oasi,2553
feniletto,2554
farmyard,2555
orchard,2556
adher,2557
rana,2558
sodano,2559
ricomincio,2560
da,2561
troisi,2562
film,2563
6,2564
8,2565
vegetal,2566
flurin,2567
tower,2568
glorenza,2569
venosta,2570
char,2571
cucumb,2572
sesam,2573
seed,2574
suit,2575
po,2576
centuri,2577
culatello,2578
tipico,2579
spigaroli,2580
week,2581
weekend,2582
2km,2583
territorio,2584
tradizion,2585
cavallo,2586
scosso,2587
fuori,2588
gara,2589
spaccanapoli,2590
mozzarella,2591
endiv,2592
pastiera,2593
1952,2594
member,2595
presenc,2596
hint,2597
alpago,2598
warehous,2599
limit,2600
fratelli,2601
massucco,2602
marc,2603
lanteri,2604
ami,2605
bellotti,2606
milk,2607
reggiana,2608
chanterel,2609
mushroom,2610
concis,2611
bougainvillea,2612
naxo,2613
splendour,2614
toro,2615
avino,2616
begin,2617
flute,2618
fabul,2619
minori,2620
tablewar,2621
gianni,2622
vanacor,2623
luigi,2624
nitto,2625
exhaust,2626
thing,2627
ateli,2628
domodossola,2629
ossola,2630
bartolucci,2631
flank,2632
enterpris,2633
succeed,2634
breath,2635
katia,2636
craftsmen,2637
big,2638
intend,2639
hope,2640
keyston,2641
jasmin,2642
cover,2643
alcov,2644
sposito,2645
improv,2646
page,2647
oyster,2648
seventh,2649
lombardian,2650
nuova,2651
word,2652
advertis,2653
slogan,2654
solaria,2655
takeshi,2656
iwai,2657
hard,2658
fusion,2659
embrac,2660
iyo,2661
omakas,2662
aalto,2663
masashi,2664
suzuki,2665
stack,2666
piatti,2667
firma,2668
dello,2669
drip,2670
raspberri,2671
acqua,2672
pasticceria,2673
par,2674
galleria,2675
leali,2676
abil,2677
concentr,2678
shallot,2679
antipasto,2680
sinuou,2681
pantheon,2682
gargioli,2683
1961,2684
lazian,2685
intestin,2686
sour,2687
iaccarino,2688
agata,2689
sui,2690
due,2691
golfi,2692
donato,2693
leonardi,2694
extravag,2695
barbato,2696
commit,2697
resourc,2698
illumin,2699
standard,2700
bearer,2701
probiz,2702
restrict,2703
swim,2704
pool,2705
pont,2706
vecchio,2707
bassano,2708
brenta,2709
sight,2710
senal,2711
talk,2712
controversi,2713
tomei,2714
pfanner,2715
let,2716
allergi,2717
virgilio,2718
1967,2719
bari,2720
cannolo,2721
sheep,2722
pistachio,2723
waffl,2724
settl,2725
chines,2726
migrant,2727
draw,2728
peke,2729
stylemora,2730
coppa,2731
mirin,2732
accept,2733
agre,2734
feat,2735
luciano,2736
monosilio,2737
east,2738
teramo,2739
paid,2740
photo,2741
nigiri,2742
temporari,2743
loggia,2744
vasariana,2745
side,2746
2022,2747
fatjon,2748
happili,2749
arezzo,2750
breast,2751
leg,2752
appropri,2753
cocoa,2754
nib,2755
maturato,2756
tiberini,2757
2018,2758
ripen,2759
vine,2760
pavement,2761
bress,2762
interestingli,2763
1912,2764
charcuteri,2765
naviglio,2766
reign,2767
suprem,2768
patrignano,2769
commun,2770
crop,2771
livestock,2772
vite,2773
biuso,2774
unavoid,2775
point,2776
panorama,2777
ravenna,2778
matter,2779
rightli,2780
consid,2781
blaze,2782
regard,2783
succul,2784
illustr,2785
congeni,2786
develop,2787
junior,2788
commiss,2789
stop,2790
travel,2791
twin,2792
samuel,2793
grillo,2794
symbolis,2795
ironi,2796
instantli,2797
fix,2798
quick,2799
polda,2800
bath,2801
wholeheartedli,2802
sergeev,2803
nikita,2804
child,2805
entertain,2806
flavor,2807
itinerari,2808
territori,2809
asti,2810
sort,2811
redecor,2812
document,2813
carrello,2814
bolliti,2815
pretti,2816
furnitur,2817
jar,2818
contain,2819
lentil,2820
favignana,2821
muddica,2822
atturrata,2823
breadcrumb,2824
perciasacchi,2825
fig,2826
antoni,2827
tafuri,2828
call,2829
granaio,2830
arch,2831
rapolano,2832
pici,2833
pepperi,2834
seregno,2835
privaci,2836
david,2837
train,2838
mauro,2839
elli,2840
cantuccio,2841
albavilla,2842
trade,2843
gene,2844
alreadi,2845
gaio,2846
parallel,2847
corso,2848
italia,2849
albaro,2850
coincid,2851
santamonica,2852
plate,2853
geometr,2854
pine,2855
nut,2856
confit,2857
como,2858
sottovoc,2859
mattara,2860
wealth,2861
balconi,2862
maximum,2863
infin,2864
afternoon,2865
13c,2866
cozzi,2867
niko,2868
romito,2869
pancotto,2870
navelli,2871
robiola,2872
cime,2873
rapa,2874
triangl,2875
loin,2876
el,2877
filò,2878
aost,2879
staircas,2880
50,2881
zeno,2882
saint,2883
verona,2884
eclect,2885
own,2886
aimo,2887
nadia,2888
montecuccoli,2889
voce,2890
giardino,2891
sculptur,2892
montoro,2893
cipolla,2894
ramata,2895
copper,2896
cerrato,2897
trani,2898
20min,2899
broad,2900
almond,2901
toritto,2902
burrata,2903
murgia,2904
grano,2905
arso,2906
sum,2907
federica,2908
calabria,2909
amor,2910
per,2911
bite,2912
exquisit,2913
bluefin,2914
yellow,2915
plum,2916
fingerlim,2917
could,2918
sacro,2919
funicular,2920
sat,2921
nav,2922
challeng,2923
glad,2924
1919,2925
millston,2926
press,2927
cistern,2928
seen,2929
coll,2930
elsa,2931
frantoio,2932
bentivoglio,2933
bargellini,2934
varignana,2935
grifon,2936
passignano,2937
jut,2938
trasimeno,2939
molo,2940
poultri,2941
salcheto,2942
montepulciano,2943
amiata,2944
oak,2945
gnocchetti,2946
fast,2947
voyag,2948
recreat,2949
succe,2950
bacchu,2951
object,2952
mandilli,2953
grouper,2954
vastes,2955
ember,2956
remot,2957
stray,2958
climb,2959
foothil,2960
suili,2961
zhou,2962
homeland,2963
simplic,2964
keyword,2965
nuzzo,2966
nerina,2967
casolèt,2968
valsugana,2969
maiz,2970
mortandela,2971
majest,2972
cypress,2973
maremma,2974
cattl,2975
reassur,2976
pleasantli,2977
bartolini,2978
bruno,2979
moura,2980
cossio,2981
common,2982
denomin,2983
1910,2984
bernardi,2985
nonno,2986
filippino,2987
taken,2988
clam,2989
function,2990
holzner,2991
liberti,2992
stephan,2993
zippl,2994
wagyu,2995
renon,2996
juic,2997
piombino,2998
fortress,2999
stonework,3000
breakfast,3001
flagship,3002
psych,3003
adept,3004
hibiscu,3005
blackberri,3006
junip,3007
eugenio,3008
boer,3009
contrari,3010
freedom,3011
classici,3012
lo,3013
stagional,3014
depend,3015
flexibl,3016
achiev,3017
nordic,3018
liveliest,3019
class,3020
shape,3021
1938,3022
attilio,3023
wait,3024
busiest,3025
tegamaccio,3026
elisabeth,3027
intensifi,3028
larch,3029
idea,3030
croce,3031
undergon,3032
condiment,3033
pietro,3034
abbey,3035
assisi,3036
bergamo,3037
cliché,3038
hide,3039
cristian,3040
fagon,3041
convinc,3042
stigghiola,3043
bu,3044
depot,3045
fire,3046
oven,3047
railway,3048
deliv,3049
scaligero,3050
rucola,3051
2,3052
maintain,3053
traffic,3054
zone,3055
11am,3056
10pm,3057
militari,3058
fort,3059
rubiera,3060
limonaia,3061
jacopo,3062
malp,3063
reggio,3064
grandeur,3065
opul,3066
savarin,3067
riso,3068
mirella,3069
peppino,3070
cantarelli,3071
samboseto,3072
obvious,3073
capricciosa,3074
oregano,3075
buffalo,3076
urban,3077
mocellin,3078
venic,3079
cassoeula,3080
saor,3081
sardin,3082
stuff,3083
plin,3084
underli,3085
lucio,3086
convey,3087
loyal,3088
prolong,3089
locanda,3090
artisti,3091
fondaco,3092
tedeschi,3093
exchang,3094
merchant,3095
europ,3096
counterpart,3097
amo,3098
trendiest,3099
casual,3100
philipp,3101
starck,3102
lucki,3103
enough,3104
galleri,3105
portrait,3106
british,3107
herbier,3108
print,3109
giudecca,3110
baronal,3111
outbuild,3112
apricena,3113
effortlessli,3114
tasti,3115
exalt,3116
matilda,3117
canossa,3118
compens,3119
apennin,3120
brodo,3121
harri,3122
metullio,3123
pra,3124
urchin,3125
fennel,3126
dashi,3127
bonus,3128
farmer,3129
theodor,3130
falser,3131
purist,3132
concern,3133
admit,3134
weak,3135
jewel,3136
engel,3137
barbaresco,3138
request,3139
joint,3140
treviso,3141
stronghold,3142
ti,3143
p,3144
mareand,3145
essenzial,3146
traditionalist,3147
pleas,3148
hear,3149
tiramisù,3150
paulo,3151
airaudo,3152
effici,3153
pico,3154
gallo,3155
mexican,3156
conchiglioni,3157
bechamel,3158
samphir,3159
salento,3160
stream,3161
renato,3162
sergio,3163
brisket,3164
tuorlo,3165
formazza,3166
udin,3167
formal,3168
acquir,3169
gloriou,3170
arnolfo,3171
scarpetta,3172
dip,3173
mop,3174
parquet,3175
augustu,3176
1970,3177
boat,3178
gambero,3179
anna,3180
sculli,3181
emigr,3182
chapter,3183
ionian,3184
septemb,3185
giano,3186
w,3187
ciccio,3188
sultano,3189
valuabl,3190
input,3191
taratatà,3192
em,3193
caponada,3194
carpacci,3195
millefogli,3196
marcelin,3197
sawmil,3198
restrain,3199
criteria,3200
ancestr,3201
brianza,3202
lombardi,3203
hunt,3204
everyday,3205
minimis,3206
wast,3207
brioch,3208
stracchino,3209
convivi,3210
stranger,3211
colmetto,3212
complic,3213
instead,3214
peasant,3215
jerusalem,3216
fluffi,3217
cloud,3218
drawback,3219
addict,3220
seasid,3221
confus,3222
note,3223
pescator,3224
dolc,3225
langosteria,3226
holiday,3227
sibl,3228
bagni,3229
fior,3230
paraggi,3231
glamor,3232
aristocraci,3233
bagheria,3234
encount,3235
ferreri,3236
foundat,3237
giandomenico,3238
gambino,3239
franco,3240
franciosi,3241
solina,3242
wheat,3243
daniela,3244
discreetli,3245
bachelor,3246
brasseri,3247
sandwich,3248
sauri,3249
trout,3250
malga,3251
peanut,3252
drive,3253
countless,3254
adjoin,3255
revolutionari,3256
aspro,3257
accommod,3258
qafiz,3259
preziosa,3260
ornat,3261
lighten,3262
castel,3263
sangro,3264
identifi,3265
research,3266
appar,3267
spellbound,3268
straw,3269
pucia,3270
belt,3271
retro,3272
recanati,3273
birthplac,3274
leopardi,3275
bertini,3276
southernmost,3277
ortigia,3278
salomon,3279
siracusa,3280
torrisi,3281
baroqu,3282
snapper,3283
bass,3284
speci,3285
asparagu,3286
couli,3287
scicli,3288
bartoli,3289
terzavia,3290
vs,3291
brut,3292
sourdough,3293
gerani,3294
rebosio,3295
carpaccio,3296
biscuit,3297
fabrizio,3298
andré,3299
song,3300
crêuza,3301
mä,3302
monastero,3303
noth,3304
morel,3305
indic,3306
alp,3307
explain,3308
ss13,3309
quicker,3310
lower,3311
fiat,3312
test,3313
botan,3314
scardina,3315
gli,3316
essenziali,3317
substanc,3318
lost,3319
instruct,3320
gimignano,3321
vincenzo,3322
martella,3323
bolzano,3324
sara,3325
fabio,3326
theoret,3327
pontinia,3328
agnes,3329
loss,3330
2001,3331
cater,3332
school,3333
compet,3334
pot,3335
size,3336
poder,3337
sine,3338
pizzetta,3339
palamita,3340
confini,3341
miniato,3342
afford,3343
24,3344
crouton,3345
lambrusco,3346
grasparossa,3347
castelvetro,3348
incred,3349
santuario,3350
consolata,3351
boundari,3352
doorbel,3353
mandura,3354
ten,3355
paradigma,3356
vermouth,3357
vietri,3358
giardini,3359
fuenti,3360
cliff,3361
riva,3362
blasio,3363
copiou,3364
vietres,3365
donkey,3366
rocket,3367
bustl,3368
nightlif,3369
whet,3370
appetit,3371
tray,3372
coquu,3373
beaten,3374
scala,3375
wonder,3376
palac,3377
affinita,3378
miramonti,3379
altro,3380
arianna,3381
gatti,3382
princip,3383
piemont,3384
mancino,3385
straight,3386
hearti,3387
dose,3388
monument,3389
regina,3390
struck,3391
hundr,3392
foremost,3393
innocenti,3394
champagneria,3395
brickwork,3396
antonella,3397
reduc,3398
guarino,3399
interact,3400
strict,3401
raft,3402
50th,3403
anniversari,3404
1971,3405
solid,3406
abruzzi,3407
sole,3408
case,3409
enorm,3410
pan,3411
spici,3412
ventricina,3413
misto,3414
sassari,3415
chiaracia,3416
origini,3417
20menu,3418
20km,3419
radiu,3420
loro,3421
primi,3422
pierantonio,3423
rocchetti,3424
skimp,3425
culmin,3426
sala,3427
rosmarino,3428
brandacujun,3429
borag,3430
sbira,3431
napoli,3432
scottojonno,3433
chantant,3434
africa,3435
capitaneo,3436
unit,3437
lobster,3438
beetroot,3439
petal,3440
instagram,3441
perfectli,3442
fogolar,3443
stove,3444
mezzanin,3445
spider,3446
crab,3447
perla,3448
maze,3449
cegli,3450
pave,3451
curat,3452
vitello,3453
ju,3454
panel,3455
movement,3456
gianluca,3457
inject,3458
sale,3459
takeaway,3460
baretto,3461
templ,3462
cervinia,3463
basin,3464
neighbour,3465
marmot,3466
map,3467
capri,3468
punta,3469
tragara,3470
corbusi,3471
piccola,3472
postman,3473
charismat,3474
worker,3475
porch,3476
cool,3477
mezz,3478
manich,3479
burnt,3480
guinea,3481
fowl,3482
brown,3483
paprika,3484
horseradish,3485
might,3486
danilo,3487
gentli,3488
cordevigo,3489
oseleta,3490
marra,3491
surgic,3492
beam,3493
frog,3494
bagno,3495
teverini,3496
beneventano,3497
aspic,3498
jelli,3499
slowli,3500
earthquak,3501
seneca,3502
vespasia,3503
cannara,3504
crayfish,3505
sibillini,3506
descript,3507
bianconi,3508
norcia,3509
sector,3510
thought,3511
faccani,3512
magnolia,3513
cesenatico,3514
secondi,3515
phrase,3516
macellaria,3517
chat,3518
angiolucci,3519
antiqu,3520
nutrit,3521
sailboat,3522
bob,3523
ruffl,3524
ora,3525
lakefront,3526
pella,3527
11,3528
bernes,3529
tufa,3530
pisciotta,3531
heartili,3532
scapec,3533
sfincion,3534
marseil,3535
rino,3536
duca,3537
blindfold,3538
11c,3539
savouri,3540
porcini,3541
currant,3542
impero,3543
bronz,3544
trafilata,3545
bronzo,3546
permit,3547
mazzini,3548
outlet,3549
cost,3550
berico,3551
farnes,3552
1370,3553
1940,3554
calistri,3555
bolognina,3556
multicultur,3557
guis,3558
thermal,3559
bigoli,3560
novic,3561
ruggiero,3562
doronzo,3563
mantra,3564
nun,3565
benedikto,3566
enea,3567
barbanera,3568
décor,3569
regular,3570
clientel,3571
thursday,3572
friday,3573
ciliegi,3574
valpantena,3575
nduja,3576
ristretto,3577
brogna,3578
whenev,3579
capanna,3580
eraclio,3581
strang,3582
1922,3583
relief,3584
delta,3585
scallop,3586
eel,3587
shell,3588
restuar,3589
fondu,3590
villanova,3591
inevit,3592
bunet,3593
30am,3594
felic,3595
poggio,3596
enrico,3597
prodigi,3598
juan,3599
quintero,3600
colombia,3601
fundament,3602
unstuffi,3603
kerkira,3604
corfu,3605
greek,3606
exist,3607
calabres,3608
singer,3609
mia,3610
martini,3611
giovanni,3612
sanremo,3613
celeri,3614
plankton,3615
chip,3616
albenga,3617
moder,3618
maggior,3619
zunica,3620
civitella,3621
tronto,3622
1880,3623
proud,3624
buzz,3625
carropont,3626
beat,3627
oscar,3628
mazzoleni,3629
toulà,3630
cortina,3631
codol,3632
nicknam,3633
mine,3634
peposo,3635
hilli,3636
cartosio,3637
hardli,3638
pallanza,3639
celest,3640
synagogu,3641
1693,3642
mirror,3643
imprint,3644
holder,3645
esordi,3646
papà,3647
dalla,3648
nostra,3649
campagna,3650
planet,3651
carta,3652
bianca,3653
16,3654
nella,3655
pacchero,3656
manti,3657
galileo,3658
assort,3659
carracci,3660
painter,3661
appealingli,3662
emerg,3663
chiefli,3664
seabream,3665
noteworthi,3666
centofanti,3667
ambassador,3668
bruschetta,3669
sign,3670
sagrestia,3671
sacristi,3672
30th,3673
salesman,3674
meantim,3675
hélène,3676
mongiat,3677
thinnest,3678
store,3679
lard,3680
sou,3681
vide,3682
bain,3683
mari,3684
lukewarm,3685
bed,3686
antonio,3687
scalera,3688
intellig,3689
ventr,3690
champion,3691
irpinia,3692
arancino,3693
earn,3694
falzarego,3695
tofan,3696
prest,3697
libero,3698
quinto,3699
quarto,3700
captiv,3701
ca,3702
dio,3703
arsenal,3704
biennal,3705
vero,3706
lionetti,3707
mist,3708
biedermei,3709
monviso,3710
200th,3711
vivalda,3712
gian,3713
piero,3714
cerver,3715
suppli,3716
capon,3717
carmagnola,3718
besid,3719
raviolo,3720
càuda,3721
bouillabaiss,3722
reappear,3723
insist,3724
laqua,3725
suriano,3726
frosio,3727
improvis,3728
camillo,3729
foie,3730
gra,3731
auster,3732
gherardesca,3733
matur,3734
palagio,3735
neo,3736
lavezzini,3737
brazil,3738
abbondanzi,3739
flamingo,3740
fenicottero,3741
sauvignon,3742
weingut,3743
der,3744
eben,3745
tablecloth,3746
chalk,3747
blackboard,3748
tagliolini,3749
sauté,3750
parolina,3751
isid,3752
canino,3753
cimini,3754
bolsena,3755
letterina,3756
gulfi,3757
confirm,3758
plung,3759
polish,3760
galleon,3761
motta,3762
fridg,3763
tone,3764
laboratori,3765
n,3766
10,3767
buffet,3768
filippetto,3769
bulwark,3770
erbazzon,3771
teatro,3772
bellini,3773
trio,3774
turi,3775
finocchiaro,3776
societi,3777
trademark,3778
1930,3779
nicolò,3780
sunday,3781
anolini,3782
ciambella,3783
longer,3784
wheel,3785
200,3786
rein,3787
harvest,3788
supplier,3789
minimum,3790
circular,3791
pharmaci,3792
2010,3793
juri,3794
ciociaria,3795
borgobrufa,3796
consum,3797
chieppa,3798
began,3799
career,3800
mirazur,3801
menton,3802
antica,3803
corona,3804
picnic,3805
mupa,3806
emuls,3807
melania,3808
apreda,3809
iconica,3810
sapidità,3811
idylio,3812
butterfli,3813
confid,3814
augusto,3815
valzelli,3816
gran,3817
crudo,3818
prevail,3819
midday,3820
easier,3821
sasso,3822
snow,3823
granit,3824
cervo,3825
pastel,3826
nobless,3827
vignola,3828
oblig,3829
mustard,3830
carrot,3831
beluga,3832
caciucco,3833
ethic,3834
inhabit,3835
sturgeon,3836
fuss,3837
marzamemi,3838
1700,3839
pachino,3840
chilli,3841
chianina,3842
pock,3843
deservedli,3844
bressanon,3845
eleph,3846
1773,3847
eighth,3848
apostelstub,3849
statuett,3850
apostl,3851
eleonora,3852
theatric,3853
mathia,3854
bachmann,3855
hamachi,3856
wasabi,3857
hustl,3858
softli,3859
lamp,3860
conjur,3861
barral,3862
cefalù,3863
damask,3864
linen,3865
candlestick,3866
spruce,3867
paradiso,3868
nation,3869
gorini,3870
frequent,3871
romagnolo,3872
vehicl,3873
feria,3874
feltrin,3875
indonesian,3876
régi,3877
ramo,3878
lefay,3879
dolom,3880
pinzolo,3881
grual,3882
maezza,3883
bottom,3884
fondoval,3885
whitefish,3886
mugo,3887
alpeggio,3888
alta,3889
montagna,3890
cardoon,3891
rye,3892
baglioni,3893
teodoro,3894
besana,3895
chargril,3896
kebab,3897
cannonau,3898
myrtleberri,3899
couscou,3900
luri,3901
vermentino,3902
budget,3903
lot,3904
brill,3905
fauna,3906
thick,3907
revisit,3908
valpolicella,3909
lessinia,3910
essenc,3911
brigida,3912
60,3913
mercato,3914
erb,3915
sticker,3916
record,3917
surfboard,3918
stella,3919
favour,3920
grandios,3921
gestur,3922
remind,3923
us,3924
bore,3925
verit,3926
eden,3927
15km,3928
volterra,3929
300ha,3930
grain,3931
torchiettibistro,3932
novara,3933
luisa,3934
marelli,3935
valazza,3936
lookout,3937
literatur,3938
graduat,3939
frediano,3940
cestello,3941
ristoclub,3942
exact,3943
barberini,3944
brandini,3945
zecchin,3946
discipl,3947
lidia,3948
alciati,3949
queen,3950
smoki,3951
affect,3952
shuttl,3953
phone,3954
parco,3955
filosofi,3956
carrara,3957
saturday,3958
maccheroncini,3959
papavero,3960
poppi,3961
tall,3962
apt,3963
exactli,3964
kistè,3965
treasur,3966
trove,3967
bandwagon,3968
chanc,3969
officina,3970
farra,3971
1900,3972
renzo,3973
grandpar,3974
1950,3975
took,3976
1997,3977
esperanto,3978
marciana,3979
coton,3980
elba,3981
baccala,3982
colli,3983
tortonesi,3984
gianduia,3985
mascarpon,3986
palmento,3987
raciti,3988
ricordi,3989
viaggi,3990
esperienz,3991
idyl,3992
folli,3993
astra,3994
bravo,3995
gatto,3996
luigia,3997
laura,3998
gilmor,3999
au,4000
montreal,4001
canada,4002
spezia,4003
peru,4004
umbrin,4005
taco,4006
atyp,4007
saltwort,4008
umeboshi,4009
yuyo,4010
americano,4011
moresca,4012
unmistak,4013
silhouett,4014
mainland,4015
carannant,4016
daunt,4017
task,4018
aplomb,4019
outstand,4020
meticul,4021
cane,4022
paestum,4023
seriana,4024
reviv,4025
system,4026
welfar,4027
lazzarini,4028
tench,4029
boar,4030
vale,4031
offanengo,4032
crema,4033
everywher,4034
ethnic,4035
szechuan,4036
contribut,4037
kid,4038
lose,4039
pescara,4040
nole,4041
iron,4042
nich,4043
preced,4044
restructur,4045
shown,4046
fracassi,4047
geographi,4048
inexhaust,4049
upon,4050
impass,4051
rediscov,4052
neglect,4053
boccondivino,4054
bra,4055
umbertid,4056
pensando,4057
think,4058
scapecchi,4059
arno,4060
filippo,4061
learn,4062
gaetano,4063
trovato,4064
frattaubread,4065
tiberio,4066
piazzetta,4067
casatiello,4068
mind,4069
favorita,4070
scuncilli,4071
lettuc,4072
radish,4073
capres,4074
arcad,4075
cesar,4076
battisti,4077
tild,4078
accent,4079
allus,4080
dolcedo,4081
trip,4082
breathtakingli,4083
sassolungo,4084
sella,4085
ciasa,4086
salar,4087
cracco,4088
pitosforo,4089
harbour,4090
execut,4091
mattia,4092
peci,4093
lightli,4094
cappon,4095
magro,4096
iva,4097
30pm,4098
onward,4099
gianpaolo,4100
burba,4101
stara,4102
protect,4103
nora,4104
campidano,4105
corvara,4106
ultra,4107
boè,4108
cabl,4109
piz,4110
exit,4111
kelina,4112
sassongh,4113
varella,4114
bassa,4115
padana,4116
hold,4117
bomba,4118
mould,4119
golf,4120
chain,4121
bianco,4122
gigant,4123
propos,4124
giorgia,4125
eugenia,4126
goggi,4127
peac,4128
orang,4129
olmo,4130
elm,4131
cornaredo,4132
oldani,4133
push,4134
14,4135
merli,4136
3,4137
osmosi,4138
fattoria,4139
svetoni,4140
1865,4141
mirko,4142
gentian,4143
teriyaki,4144
chard,4145
leek,4146
cajun,4147
maicol,4148
chop,4149
blanch,4150
griffa,4151
tramontano,4152
nicoletta,4153
gargnano,4154
palazzi,4155
maurizio,4156
genoes,4157
hyatt,4158
stilla,4159
silvia,4160
sear,4161
bonito,4162
fool,4163
rel,4164
reclam,4165
marsh,4166
arcinazzo,4167
plateau,4168
aminta,4169
50ha,4170
pesticid,4171
fork,4172
fondazion,4173
rovati,4174
aprea,4175
eponym,4176
visual,4177
skylin,4178
murano,4179
leaf,4180
clad,4181
bucchero,4182
etruscan,4183
vase,4184
lean,4185
gaze,4186
contemporaneità,4187
relationship,4188
partenop,4189
lastli,4190
52,4191
caffè,4192
redefin,4193
caravaggio,4194
pilgrim,4195
shrine,4196
competit,4197
haut,4198
ceraudo,4199
authorit,4200
cedro,4201
marmalad,4202
forerunn,4203
venart,4204
rariti,4205
orangeri,4206
liqueur,4207
ascani,4208
orti,4209
laguna,4210
glam,4211
sila,4212
fertil,4213
biafora,4214
econom,4215
social,4216
pùzali,4217
chjùbica,4218
pisser,4219
resin,4220
ancient,4221
cirò,4222
eleven,4223
ugento,4224
pietra,4225
fontanina,4226
bohemian,4227
silverwar,4228
subdu,4229
framura,4230
pigna,4231
prebugiun,4232
mixtur,4233
taggiasca,4234
devoto,4235
sarzana,4236
lunigiana,4237
bresciana,4238
torri,4239
distil,4240
alemb,4241
crisci,4242
offida,4243
glimps,4244
trabalzini,4245
rossella,4246
fasano,4247
project,4248
sensori,4249
belludia,4250
martin,4251
lazarov,4252
remulass,4253
dress,4254
1895,4255
lavazza,4256
groceri,4257
129,4258
motto,4259
pannicolo,4260
hanger,4261
nemi,4262
european,4263
marinad,4264
milano,4265
società,4266
operaia,4267
mutuo,4268
soccorso,4269
som,4270
mutual,4271
aid,4272
peruvian,4273
bàcaro,4274
gioie,4275
barley,4276
gazebo,4277
sard,4278
ink,4279
calett,4280
luna,4281
rizz,4282
air,4283
presidiana,4284
caldura,4285
rocca,4286
outcrop,4287
perspect,4288
pandolfo,4289
stilt,4290
clandestino,4291
unspoilt,4292
moreno,4293
cedroni,4294
ero,4295
susci,4296
60km,4297
heard,4298
tassa,4299
unlimit,4300
bolder,4301
nù,4302
caltagiron,4303
acquaint,4304
oleand,4305
nunzio,4306
devot,4307
mood,4308
forc,4309
minnuzza,4310
foam,4311
candi,4312
stravecchio,4313
intorcia,4314
1602,4315
canederli,4316
pressati,4317
dumpl,4318
buchteln,4319
bun,4320
argaj,4321
7am,4322
11pm,4323
scenic,4324
lillaz,4325
roe,4326
bosco,4327
pinch,4328
marjoram,4329
least,4330
billia,4331
winner,4332
understand,4333
transfer,4334
rivarola,4335
21,4336
tivoli,4337
baldassarr,4338
hadrian,4339
panzanella,4340
narducci,4341
baldassar,4342
breton,4343
glamour,4344
phi,4345
nightclub,4346
smeralda,4347
une,4348
acquedotto,4349
relazioni,4350
absolut,4351
namelaka,4352
elderberri,4353
mundo,4354
novo,4355
rio,4356
frescada,4357
valerio,4358
dallamano,4359
lapland,4360
sweden,4361
scandinavian,4362
000m,4363
breuil,4364
roma,4365
popolo,4366
distract,4367
lippi,4368
belé,4369
charmingli,4370
crystal,4371
resembl,4372
shift,4373
lace,4374
pattern,4375
acoust,4376
convers,4377
quinson,4378
reopen,4379
cosylittl,4380
castrocaro,4381
giacchini,4382
neither,4383
ostentati,4384
agnelli,4385
showroom,4386
manufactur,4387
cookwar,4388
perno,4389
stresa,4390
cagli,4391
hinterland,4392
eliseo,4393
mattiacci,4394
fabbrica,4395
yoghurt,4396
wafer,4397
loprior,4398
format,4399
compris,4400
mayr,4401
brixen,4402
sylvan,4403
isarco,4404
tirtl,4405
cinnamon,4406
adler,4407
guesthous,4408
cherasco,4409
perpendicular,4410
rump,4411
warmli,4412
anchor,4413
smallest,4414
cigar,4415
testa,4416
sheepfold,4417
950m,4418
molis,4419
cabbag,4420
amerigo,4421
televis,4422
ornament,4423
corbara,4424
1964,4425
incorpor,4426
lucan,4427
muse,4428
ficotto,4429
purpos,4430
goe,4431
educ,4432
pet,4433
therapi,4434
obsess,4435
millefeuil,4436
1996,4437
runat,4438
santini,4439
succumb,4440
oglio,4441
100m,4442
sett,4443
querc,4444
viewpoint,4445
creak,4446
gilmozzi,4447
bark,4448
lichen,4449
giustino,4450
medic,4451
weav,4452
determin,4453
degre,4454
swap,4455
pen,4456
ladl,4457
pïacenza,4458
mantua,4459
pisarei,4460
futurist,4461
7pm,4462
terrazza,4463
asolo,4464
approxim,4465
1966,4466
center,4467
comprehens,4468
oper,4469
modest,4470
150,4471
older,4472
porteri,4473
charg,4474
bouchard,4475
baldessari,4476
provocazioni,4477
1980,4478
playground,4479
boredom,4480
banal,4481
banish,4482
effect,4483
1969,4484
beretta,4485
forag,4486
ibla,4487
candiano,4488
vertic,4489
januariu,4490
relic,4491
said,4492
zito,4493
napolitan,4494
casamadr,4495
specialist,4496
thread,4497
selva,4498
monach,4499
earthi,4500
capriat,4501
cantones,4502
alessandria,4503
clever,4504
emot,4505
triumph,4506
mosaic,4507
alon,4508
linear,4509
intesa,4510
skyscrap,4511
height,4512
meter,4513
conservatori,4514
envisag,4515
compani,4516
utini,4517
monopoli,4518
saltimbocca,4519
1903,4520
cacciator,4521
slovenia,4522
austria,4523
carv,4524
subida,4525
onlin,4526
indulg,4527
pleasur,4528
snugli,4529
bad,4530
neighborhood,4531
accademia,4532
gracious,4533
relev,4534
palluda,4535
sugo,4536
arrosto,4537
blu,4538
breadstick,4539
spell,4540
marchesi,4541
superl,4542
tune,4543
pop,4544
yeast,4545
grana,4546
padano,4547
caramelis,4548
pollino,4549
nettl,4550
tip,4551
lampascioni,4552
stigliano,4553
gleam,4554
trezzo,4555
sull,4556
adda,4557
durat,4558
gallega,4559
nive,4560
alghero,4561
alessandrina,4562
abound,4563
pickl,4564
chutney,4565
cicognolo,4566
grocer,4567
tunnel,4568
merano,4569
lagrein,4570
april,4571
provenç,4572
shortli,4573
mid,4574
sprout,4575
hummu,4576
mayo,4577
certain,4578
newest,4579
babà,4580
attimi,4581
cucina,4582
momento,4583
contemporaneo,4584
acquapartita,4585
800m,4586
bravaccini,4587
quickli,4588
sprinkl,4589
volum,4590
quantiti,4591
twentieth,4592
spain,4593
gel,4594
pignatelli,4595
andi,4596
warhol,4597
berruti,4598
eater,4599
dissect,4600
sereno,4601
architect,4602
patricia,4603
urquiola,4604
consumm,4605
indiniò,4606
nowher,4607
carnian,4608
job,4609
realis,4610
crowd,4611
greener,4612
anacapri,4613
semi,4614
explod,4615
elich,4616
migliaccio,4617
gnudi,4618
umbrella,4619
monfettini,4620
mantecati,4621
gastro,4622
pub,4623
fairli,4624
piccion,4625
tutto,4626
potent,4627
gamay,4628
opra,4629
content,4630
basic,4631
principl,4632
mantarro,4633
bounti,4634
mt,4635
volcano,4636
cerami,4637
chiusi,4638
sapio,4639
roberta,4640
cozzetto,4641
ingiulla,4642
fame,4643
ostiens,4644
gricia,4645
linger,4646
serina,4647
bresaola,4648
orobica,4649
casoncelli,4650
taragna,4651
strachitunt,4652
ferrero,4653
taral,4654
sabino,4655
faraglioni,4656
riviera,4657
ciclopi,4658
francigena,4659
monteriggioni,4660
abbadia,4661
isola,4662
romanesqu,4663
futura,4664
monk,4665
candlelit,4666
agnoli,4667
birramisù,4668
farmstead,4669
spite,4670
petra,4671
segreta,4672
scrubland,4673
fuoco,4674
founder,4675
bergeretto,4676
marubini,4677
cembra,4678
25th,4679
chignola,4680
onto,4681
fee,4682
appoint,4683
rampant,4684
lime,4685
proxim,4686
alassio,4687
placemat,4688
alfio,4689
nicolosi,4690
intoler,4691
moment,4692
fossombron,4693
1920,4694
risen,4695
rank,4696
hover,4697
micro,4698
tano,4699
simonato,4700
nourish,4701
cannoli,4702
drop,4703
jam,4704
crew,4705
marzullo,4706
cumin,4707
redevelop,4708
cotton,4709
framework,4710
antich,4711
mura,4712
concattedral,4713
apostolo,4714
aurora,4715
cap,4716
covet,4717
extern,4718
marmo,4719
pina,4720
bluh,4721
russo,4722
banner,4723
camiano,4724
montefalco,4725
fabrizi,4726
valid,4727
cambio,4728
risorgimento,4729
entri,4730
carignano,4731
parliament,4732
newli,4733
pistoletto,4734
baronetto,4735
urbino,4736
palaud,4737
blanc,4738
reinvent,4739
weekli,4740
younger,4741
follina,4742
1704,4743
mulberri,4744
silk,4745
aficionado,4746
gilberto,4747
rossi,4748
pepenero,4749
cinema,4750
belong,4751
lecc,4752
solaika,4753
marrocco,4754
1995,4755
gallipoli,4756
dull,4757
vasocottura,4758
ribollita,4759
edoardo,4760
ostuni,4761
paragon,4762
ahimé,4763
robi,4764
rum,4765
anto,4766
sugihara,4767
crumbl,4768
scalinata,4769
costarella,4770
numana,4771
capac,4772
hosomaki,4773
manuela,4774
remi,4775
marino,4776
silvana,4777
meucci,4778
ciuffetelli,4779
crunchi,4780
coat,4781
disguis,4782
meringu,4783
powder,4784
done,4785
dim,4786
geograph,4787
lane,4788
baracchi,4789
falconier,4790
cri,4791
piacentina,4792
ciccioli,4793
scratch,4794
amaz,4795
saracca,4796
her,4797
gorgnalini,4798
dash,4799
ginger,4800
sparingli,4801
kosovo,4802
emin,4803
haziri,4804
grew,4805
velvet,4806
stool,4807
uliassi,4808
senigallia,4809
parasol,4810
lap,4811
strength,4812
catia,4813
ban,4814
plastic,4815
utmost,4816
persuad,4817
polystyren,4818
transport,4819
imbu,4820
gae,4821
aulenti,4822
mazara,4823
norma,4824
wrap,4825
volp,4826
soldier,4827
passioni,4828
erba,4829
fogli,4830
rizzo,4831
tandoori,4832
masala,4833
capitolo,4834
gualdo,4835
cattaneo,4836
foligno,4837
grottino,4838
km,4839
prussian,4840
col,4841
margherita,4842
550m,4843
pellegrino,4844
moena,4845
ghezzi,4846
mart,4847
rovereto,4848
burger,4849
bike,4850
athlet,4851
recharg,4852
cére,4853
ristourànt,4854
valàdess,4855
lanss,4856
con,4857
oubèrgi,4858
sarca,4859
giada,4860
miori,4861
fritter,4862
carn,4863
salada,4864
alchemi,4865
cv,4866
erasmo,4867
belveder,4868
conero,4869
breccia,4870
vanilla,4871
major,4872
fair,4873
trapani,4874
moro,4875
deepli,4876
bandi,4877
item,4878
aquarium,4879
vatican,4880
jewish,4881
tenerina,4882
leas,4883
christoph,4884
huber,4885
windsor,4886
laigueglia,4887
savô,4888
1887,4889
bue,4890
grasso,4891
fat,4892
ox,4893
novemb,4894
easter,4895
russian,4896
bonet,4897
count,4898
adami,4899
misurina,4900
deal,4901
cep,4902
pompanin,4903
warmer,4904
mariapaola,4905
read,4906
thirti,4907
murg,4908
anise,4909
vino,4910
santo,4911
lowland,4912
cheaper,4913
teal,4914
ochr,4915
cave,4916
anghiari,4917
battl,4918
alighiero,4919
bringoli,4920
elong,4921
evangelista,4922
abbrevi,4923
evan,4924
seeport,4925
ancona,4926
gualtiero,4927
bistrò,4928
toni,4929
coco,4930
involtini,4931
cassata,4932
transpar,4933
piacenza,4934
deconsecr,4935
volumnia,4936
taglienti,4937
riscoperta,4938
tin,4939
allud,4940
miseria,4941
nobiltà,4942
annurca,4943
tarquinia,4944
bare,4945
necropoli,4946
monterozzi,4947
unesco,4948
heritag,4949
uphold,4950
betray,4951
mara,4952
quintino,4953
donna,4954
banquet,4955
facil,4956
dome,4957
grotto,4958
riccio,4959
quintessenti,4960
undoubtedli,4961
cerreta,4962
sleep,4963
motorway,4964
aya,4965
brusson,4966
300m,4967
laghetto,4968
parkhotel,4969
laurin,4970
terrin,4971
nori,4972
alga,4973
shortag,4974
benso,4975
vie,4976
toceno,4977
vigezzo,4978
drape,4979
row,4980
match,4981
camaldoli,4982
deeper,4983
chalet,4984
cippi,4985
nazzarena,4986
fabbro,4987
valdestali,4988
forest,4989
cjarson,4990
parisian,4991
fiorentina,4992
ravinetto,4993
sicilia,4994
shave,4995
snowcat,4996
refug,4997
beli,4998
160,4999
2020,5000
cervia,5001
piev,5002
baciadonn,5003
narrowest,5004
proto,5005
atrani,5006
quieter,5007
rend,5008
reminisc,5009
escap,5010
mundan,5011
silenc,5012
baita,5013
scent,5014
calvisano,5015
elderflow,5016
latt,5017
king,5018
ship,5019
increas,5020
caramanico,5021
reggiano,5022
sweep,5023
tireless,5024
coconut,5025
1957,5026
pirandello,5027
model,5028
involtino,5029
siciliana,5030
fall,5031
magona,5032
lungarno,5033
mengoni,5034
biscotti,5035
tack,5036
seminario,5037
bishop,5038
seminari,5039
zaccardi,5040
angelica,5041
giannuzzi,5042
magistà,5043
bordeaux,5044
ost,5045
scuro,5046
cauliflow,5047
beurr,5048
rovetta,5049
1882,5050
bloom,5051
diet,5052
bewar,5053
1960,5054
stair,5055
castelfranco,5056
dinato,5057
anima,5058
corpo,5059
unsurprisingli,5060
maschio,5061
angioino,5062
nuovo,5063
overview,5064
prettiest,5065
stüa,5066
lend,5067
cantafio,5068
indefatig,5069
figur,5070
berghotel,5071
ladinia,5072
1933,5073
24hr,5074
send,5075
email,5076
marsupino,5077
1901,5078
homag,5079
immens,5080
nineteenth,5081
clement,5082
crippa,5083
solopiemont,5084
tuttoilresto,5085
roughli,5086
bid,5087
farewel,5088
sitzigorru,5089
cun,5090
ball,5091
malloreddu,5092
sebada,5093
pappai,5094
biancu,5095
blancmang,5096
rebrand,5097
aria,5098
candia,5099
tajarin,5100
erbaluc,5101
caluso,5102
saporium,5103
100ha,5104
vall,5105
hagen,5106
ottog,5107
cycl,5108
race,5109
lago,5110
piatto,5111
jealous,5112
1954,5113
ignor,5114
nonna,5115
elvira,5116
war,5117
grandson,5118
hesit,5119
regret,5120
signal,5121
revolutionis,5122
teach,5123
fontanafredda,5124
ugo,5125
sensit,5126
decept,5127
velveti,5128
louis,5129
duchess,5130
regional,5131
boschi,5132
carrega,5133
baganza,5134
lina,5135
shadi,5136
montebor,5137
flan,5138
moscato,5139
nautilu,5140
tiber,5141
albereta,5142
usai,5143
marri,5144
bordighera,5145
dug,5146
bellagio,5147
branch,5148
piano,5149
curiou,5150
cooler,5151
clime,5152
madoni,5153
leon,5154
restaurateur,5155
asiago,5156
europa,5157
museo,5158
marineria,5159
archway,5160
tofana,5161
ampl,5162
larin,5163
suggestioni,5164
naturalment,5165
robustli,5166
noodl,5167
persimmon,5168
claroni,5169
finess,5170
adject,5171
trafoier,5172
engag,5173
kuppelrain,5174
kevin,5175
jorg,5176
pralin,5177
natali,5178
magnum,5179
litr,5180
sonya,5181
kränzelhof,5182
1890,5183
mural,5184
ciociara,5185
lifestyl,5186
stylishli,5187
terri,5188
giacomello,5189
nin,5190
ortica,5191
tenuta,5192
golfo,5193
35min,5194
profici,5195
promis,5196
summertim,5197
galtarossa,5198
largest,5199
salina,5200
wander,5201
municip,5202
monferrini,5203
violetta,5204
navona,5205
morsi,5206
morsetti,5207
possoni,5208
ri,5209
na,5210
punctual,5211
baja,5212
salicornia,5213
nardini,5214
terracina,5215
800,5216
parker,5217
candela,5218
learnt,5219
1926,5220
adapt,5221
stefania,5222
pasquo,5223
taster,5224
abeurr,5225
parsley,5226
stalk,5227
oxidis,5228
guidara,5229
nostalgia,5230
barman,5231
peppermint,5232
wider,5233
1000,5234
gone,5235
piemontes,5236
triest,5237
b,5238
cernobbio,5239
acid,5240
cell,5241
boathous,5242
imperator,5243
9pm,5244
kelp,5245
dwell,5246
deco,5247
nois,5248
disturb,5249
uliveto,5250
35,5251
quarta,5252
battipaglia,5253
rombo,5254
r,5255
otto,5256
meati,5257
sesso,5258
angelina,5259
leopoldo,5260
elefant,5261
dentex,5262
escalop,5263
dice,5264
mottaron,5265
400m,5266
speak,5267
pasqual,5268
laera,5269
rule,5270
code,5271
broaden,5272
horizon,5273
target,5274
thorough,5275
cartoccio,5276
castelmagno,5277
sapid,5278
fonduta,5279
saporito,5280
valentina,5281
maioni,5282
campsit,5283
dobbiaco,5284
romanesco,5285
thyme,5286
schüttelbrot,5287
fragsburg,5288
tyrol,5289
prezioso,5290
diner,5291
egon,5292
heiss,5293
fune,5294
shoulder,5295
12c,5296
fermo,5297
soav,5298
formerli,5299
malaspina,5300
bottagisio,5301
fishbon,5302
evelyn,5303
arco,5304
supper,5305
greater,5306
bottoni,5307
varaita,5308
predilect,5309
typifi,5310
oval,5311
roy,5312
cacer,5313
anfiteatro,5314
trap,5315
lucca,5316
lori,5317
sow,5318
thistl,5319
shoot,5320
woodruff,5321
agliata,5322
bosana,5323
shark,5324
burrida,5325
cagliaritana,5326
dogfish,5327
shiroya,5328
gyoza,5329
ramen,5330
aretusi,5331
sotto,5332
banfi,5333
grappoli,5334
francon,5335
panzerotti,5336
brunello,5337
kindergarten,5338
nicolini,5339
undoubt,5340
busier,5341
trastever,5342
question,5343
ziantoni,5344
feo,5345
fewer,5346
steel,5347
cube,5348
tilia,5349
chri,5350
oberhamm,5351
klaud,5352
anita,5353
mancini,5354
cookeri,5355
gipponi,5356
neri,5357
egnazia,5358
candlelight,5359
domingo,5360
schingaro,5361
bacari,5362
cling,5363
sibilla,5364
tiglio,5365
destroy,5366
2016,5367
mazzaroni,5368
pheasant,5369
tobiko,5370
ritorno,5371
transumanza,5372
chitterl,5373
buratti,5374
1mq,5375
nel,5376
lussuoso,5377
abbazia,5378
ambienti,5379
sontuosi,5380
imprezios,5381
camino,5382
affreschi,5383
decorazioni,5384
epoca,5385
altrettanto,5386
elegant,5387
servizio,5388
aperto,5389
bella,5390
stagion,5391
sono,5392
cornic,5393
francica,5394
giovan,5395
cuoco,5396
quasi,5397
allevato,5398
declinata,5399
menù,5400
vegetariano,5401
degustazion,5402
scomponibili,5403
anch,5404
proposta,5405
fresca,5406
colorata,5407
verdur,5408
dall,5409
proprietà,5410
prime,5411
provenienti,5412
fidati,5413
produttori,5414
più,5415
locali,5416
ottima,5417
scelta,5418
enoica,5419
particolar,5420
riesl,5421
risultato,5422
esperienza,5423
seral,5424
tondo,5425
completata,5426
sosta,5427
informal,5428
pranzo,5429
emozioni,5430
mango,5431
mad100,5432
natura,5433
greenhous,5434
beccafico,5435
honour,5436
tita,5437
sogno,5438
orsoburg,5439
octob,5440
rispoli,5441
escabech,5442
cheesecak,5443
toffe,5444
juliet,5445
admiss,5446
payabl,5447
check,5448
vomero,5449
winckel,5450
cantina,5451
general,5452
amaron,5453
madr,5454
scialatielli,5455
gola,5456
furlo,5457
sharp,5458
siena,5459
valdarno,5460
bouch,5461
mint,5462
duti,5463
biolo,5464
daria,5465
determinedli,5466
bruzzon,5467
applaus,5468
cauda,5469
15,5470
nunziata,5471
parretti,5472
blumenstub,5473
orsola,5474
pergin,5475
vogu,5476
agostino,5477
fettuccin,5478
montefollonico,5479
mapl,5480
cutleri,5481
nobuya,5482
freshest,5483
bento,5484
box,5485
mi,5486
affido,5487
te,5488
comunal,5489
vita,5490
mangiala,5491
overwhelm,5492
candel,5493
genoves,5494
offshoot,5495
palai,5496
pari,5497
philip,5498
chronopoulo,5499
nolinski,5500
borsa,5501
ellipt,5502
muffl,5503
carpet,5504
hark,5505
joël,5506
robuchon,5507
passard,5508
told,5509
strengthen,5510
primari,5511
infal,5512
resound,5513
spill,5514
serra,5515
bufala,5516
lovag,5517
bro,5518
synonym,5519
floriano,5520
isabella,5521
potì,5522
23,5523
bedroom,5524
valtellino,5525
lomellina,5526
1850,5527
sixth,5528
mecca,5529
jovial,5530
runner,5531
ponza,5532
rug,5533
calandr,5534
calandrino,5535
hare,5536
cappuccino,5537
erminio,5538
pazientina,5539
cantinon,5540
buckwheat,5541
masanti,5542
bufi,5543
frammenti,5544
sensazioni,5545
equinozio,5546
autunno,5547
coffer,5548
fusillon,5549
velouté,5550
planeta,5551
eruzion,5552
1614,5553
carricant,5554
cetona,5555
palermino,5556
coniglio,5557
shred,5558
terlano,5559
normal,5560
gift,5561
stafler,5562
linguaglossa,5563
pennisi,5564
santoro,5565
extraordinarili,5566
volcan,5567
soil,5568
unrival,5569
forlì,5570
cassinetta,5571
lugagnano,5572
storehous,5573
papal,5574
state,5575
hang,5576
virginia,5577
creeper,5578
castelli,5579
romani,5580
cacciani,5581
giuliana,5582
1965,5583
stalwart,5584
castrozza,5585
prà,5586
nass,5587
ivana,5588
negrini,5589
pisani,5590
omaggio,5591
perus,5592
antonia,5593
klugmann,5594
slovenian,5595
orientali,5596
slide,5597
mandatori,5598
forgiv,5599
leopard,5600
luchino,5601
visconti,5602
occhiovivo,5603
kidney,5604
exclud,5605
crenel,5606
gronchi,5607
applaud,5608
versilian,5609
ruin,5610
guardroom,5611
cicchetti,5612
bulgari,5613
mausoleum,5614
mahogani,5615
slaughterhous,5616
1927,5617
wrong,5618
cotoletta,5619
author,5620
comic,5621
festiv,5622
loop,5623
1947,5624
cattivelli,5625
conserv,5626
macaroni,5627
2004,5628
scottadito,5629
archangel,5630
1870,5631
fellow,5632
marinara,5633
ticket,5634
issu,5635
vigilio,5636
crafun,5637
krapf,5638
ragú,5639
onofrio,5640
pagnotto,5641
tenerumi,5642
afraid,5643
colucci,5644
therasia,5645
vulcanello,5646
1973,5647
arbour,5648
enclav,5649
angiolieri,5650
accanto,5651
cardelli,5652
tournedo,5653
rossini,5654
savor,5655
avant,5656
gard,5657
entrust,5658
curios,5659
pick,5660
compon,5661
maglio,5662
commend,5663
damiano,5664
nigro,5665
groan,5666
chessboard,5667
annamaria,5668
1877,5669
courmayeur,5670
fenoglio,5671
settepiatti,5672
guggenheim,5673
tortino,5674
gondolieri,5675
reloc,5676
padr,5677
giacinto,5678
sapori,5679
montani,5680
palazzolo,5681
acreid,5682
wrought,5683
vezzani,5684
intramontabili,5685
bocca,5686
piedi,5687
cielo,5688
dant,5689
canapino,5690
porticciolo,5691
bassetti,5692
albertina,5693
belli,5694
bacio,5695
dama,5696
2015,5697
fausto,5698
colombano,5699
cascinalenuovo,5700
ferretto,5701
expo,5702
fiera,5703
taggiasch,5704
zelo,5705
overflow,5706
tire,5707
annarita,5708
columbu,5709
flavio,5710
sweetcorn,5711
dove,5712
guida,5713
cuneo,5714
hamburg,5715
guangzhou,5716
miteco,5717
artemid,5718
archestrato,5719
storia,5720
guarneri,5721
schlutzkrapfen,5722
hike,5723
durnwald,5724
aurina,5725
sfogli,5726
sauerkraut,5727
uruguay,5728
pavilion,5729
banco,5730
15th,5731
giandujotto,5732
patio,5733
vinei,5734
unpredict,5735
pompeo,5736
hewn,5737
cash,5738
till,5739
uninterrupt,5740
lid,5741
locomot,5742
brugiano,5743
coloni,5744
barg,5745
sein,5746
memoria,5747
vera,5748
musciora,5749
sail,5750
bell,5751
pinerolo,5752
milon,5753
acquerello,5754
eastern,5755
colosseum,5756
iorio,5757
bislacco,5758
eccentr,5759
wing,5760
overnight,5761
tommaso,5762
arrigoni,5763
zen,5764
leemann,5765
philosoph,5766
80,5767
spiritu,5768
joia,5769
academi,5770
particip,5771
aspect,5772
combo,5773
nice,5774
stress,5775
watermil,5776
tidi,5777
susanna,5778
trota,5779
serva,5780
catfish,5781
herbal,5782
cognac,5783
60th,5784
rosita,5785
babi,5786
pacentro,5787
carriag,5788
regi,5789
pillar,5790
hazel,5791
28,5792
posti,5793
stanc,5794
zazzara,5795
mallard,5796
vedel,5797
unannounc,5798
imit,5799
matia,5800
perdomoalso,5801
digestif,5802
spectacl,5803
conclus,5804
dolomieu,5805
dv,5806
curd,5807
savona,5808
quintogusto,5809
vescovado,5810
xx,5811
settembr,5812
burratina,5813
reinforc,5814
bollat,5815
prison,5816
ingalera,5817
inmat,5818
tackl,5819
agavi,5820
lloyd,5821
baia,5822
ascent,5823
piazzal,5824
michelangelo,5825
ariel,5826
serendib,5827
sri,5828
lanka,5829
indian,5830
lankan,5831
net,5832
cavi,5833
lavagna,5834
broccoli,5835
leoni,5836
undeni,5837
aragones,5838
barisano,5839
twelv,5840
vitantonio,5841
lombardo,5842
matera,5843
global,5844
caino,5845
gravit,5846
valeria,5847
piccini,5848
proudest,5849
ounc,5850
storici,5851
ide,5852
movimento,5853
imaginari,5854
sommità,5855
mansion,5856
whitewash,5857
limeston,5858
tyroles,5859
rita,5860
orvieto,5861
classico,5862
superior,5863
doc,5864
vendemmia,5865
tardiva,5866
equa,5867
vico,5868
esposito,5869
vital,5870
kuccagna,5871
jetti,5872
yacht,5873
portes,5874
porter,5875
tuber,5876
peel,5877
broke,5878
parmens,5879
finest,5880
morelli,5881
monza,5882
becam,5883
mondello,5884
charleston,5885
mazzara,5886
confin,5887
verbano,5888
pescatori,5889
sacco,5890
trofi,5891
costantino,5892
discuss,5893
lanzagallo,5894
pamper,5895
ezio,5896
osti,5897
arrosticini,5898
mazzarel,5899
teraman,5900
boccadass,5901
baglieri,5902
fondant,5903
pino,5904
cuttaia,5905
nebrodi,5906
domenica,5907
baglio,5908
cristo,5909
campobello,5910
adènzia,5911
1885,5912
manuelina,5913
recco,5914
focacceria,5915
encompass,5916
contin,5917
livorno,5918
fefa,5919
diminut,5920
genoveffa,5921
streamlin,5922
côte,5923
rhône,5924
tortellino,5925
lugano,5926
switzerland,5927
prino,5928
mild,5929
climat,5930
faultless,5931
alessandra,5932
sarri,5933
beansprout,5934
oneglia,5935
mandarin,5936
oili,5937
spatula,5938
whelk,5939
500,5940
caruso,5941
signum,5942
power,5943
forth,5944
cousin,5945
raffael,5946
june,5947
august,5948
2024quarto,5949
marianna,5950
account,5951
reward,5952
scandinavia,5953
bonfadini,5954
encourag,5955
firework,5956
crescendo,5957
waltz,5958
tomberli,5959
anni,5960
féold,5961
monco,5962
credit,5963
iacobucci,5964
zarri,5965
earth,5966
movi,5967
benjamin,5968
button,5969
ragout,5970
cacao,5971
meravigliao,5972
detract,5973
vincent,5974
granari,5975
grenier,5976
tumbl,5977
tool,5978
seduc,5979
capodifium,5980
microcosm,5981
trabe,5982
hydroelectr,5983
canapé,5984
marci,5985
rispo,5986
munzillo,5987
sappada,5988
kratter,5989
skier,5990
spheric,5991
ciotti,5992
uffizi,5993
meaning,5994
dialogu,5995
murat,5996
bendato,5997
bistecca,5998
fiorentinaopt,5999
council,6000
trent,6001
strudel,6002
laden,6003
piadin,6004
flatbread,6005
network,6006
gastrosteria,6007
beig,6008
locatello,6009
riomaggior,6010
split,6011
mission,6012
certosa,6013
abbattista,6014
abbruzzino,6015
ellipsoid,6016
angler,6017
sultana,6018
turmer,6019
peach,6020
pare,6021
forti,6022
cloister,6023
bao,6024
brunch,6025
rememb,6026
garattoni,6027
lievitazioni,6028
ovo,6029
petrosino,6030
531,6031
tenor,6032
modo,6033
mio,6034
bound,6035
sixti,6036
andreina,6037
surviv,6038
afor,6039
enabl,6040
willing,6041
varena,6042
cavales,6043
exuber,6044
postorino,6045
wherea,6046
radetzki,6047
flee,6048
rebellion,6049
camp,6050
troop,6051
rampina,6052
lino,6053
quintilio,6054
lorena,6055
bazzano,6056
ripetta,6057
refectori,6058
convent,6059
sformato,6060
artusi,6061
caraf,6062
900m,6063
geiser,6064
emblemat,6065
passiria,6066
termeno,6067
sirmiano,6068
sciliar,6069
catinaccio,6070
latemar,6071
brunico,6072
moessmer,6073
prelud,6074
ahrntal,6075
8pm,6076
scabin,6077
rivoli,6078
progress,6079
18th,6080
variat,6081
1958,6082
lai,6083
lagunamar,6084
biodivers,6085
girtler,6086
classi,6087
enzo,6088
coccia,6089
stringi,6090
mpustarella,6091
wholem,6092
fritti,6093
53,6094
94,6095
pirro,6096
befit,6097
evoluzion,6098
vegetali,6099
mini,6100
macaroon,6101
madonnina,6102
1984,6103
influenti,6104
novelti,6105
futur,6106
infanzia,6107
mariella,6108
viaggio,6109
polo,6110
salti,6111
sukiyaki,6112
celebratori,6113
buca,6114
clitunno,6115
ztl,6116
reimund,6117
brunner,6118
gardena,6119
grödnerhof,6120
heed,6121
arva,6122
latin,6123
rialto,6124
panfilio,6125
lele,6126
tino,6127
diario,6128
bordo,6129
kimchi,6130
celeriac,6131
cast,6132
stud,6133
nuvola,6134
spaniard,6135
ferran,6136
adrià,6137
zanasi,6138
clock,6139
quadrilater,6140
honor,6141
vitel,6142
tonnè,6143
stracotto,6144
zabajon,6145
bardini,6146
laurel,6147
scrupul,6148
cicada,6149
palomba,6150
cinti,6151
umbrichelli,6152
tonola,6153
brighten,6154
mole,6155
marcello,6156
trentini,6157
versatil,6158
masterli,6159
conceal,6160
spaghetton,6161
falanghina,6162
cacciag,6163
raphaël,6164
moma,6165
facet,6166
camomil,6167
tespi,6168
fumiko,6169
sakai,6170
casertano,6171
laticauda,6172
baroni,6173
comput,6174
puntarel,6175
disappear,6176
heavili,6177
compatriot,6178
ambit,6179
western,6180
h,6181
tailor,6182
sincer,6183
tenaci,6184
daylight,6185
permeat,6186
maltagliati,6187
difficulti,6188
dusti,6189
rosewood,6190
castiglion,6191
temperini,6192
montalcino,6193
campo,6194
drago,6195
giovanna,6196
fasan,6197
met,6198
germani,6199
1990,6200
gerri,6201
esplanad,6202
1992,6203
desenzano,6204
fezzardi,6205
metronom,6206
marzio,6207
lee,6208
vallio,6209
flawless,6210
signorini,6211
contagi,6212
monica,6213
magnini,6214
perpetu,6215
sgrò,6216
sauna,6217
sirenus,6218
biohotel,6219
lepor,6220
grandma,6221
giuseppa,6222
nephew,6223
acaja,6224
cardi,6225
gobbi,6226
contemporan,6227
70,6228
ginetta,6229
arcangelo,6230
tinari,6231
angela,6232
pascal,6233
maiella,6234
sunni,6235
zhejiang,6236
silvio,6237
battistoni,6238
steal,6239
coriand,6240
nearest,6241
bacher,6242
burkhard,6243
vision,6244
professor,6245
montanari,6246
ann,6247
moretto,6248
vibo,6249
valentia,6250
guard,6251
enviabl,6252
descent,6253
lido,6254
84,6255
joyou,6256
contact,6257
fumag,6258
straordinario,6259
trentinomenu,6260
arlecchino,6261
trentingrana,6262
bisqu,6263
puf,6264
amaranth,6265
oberwirt,6266
feltr,6267
campigotto,6268
randazzo,6269
lava,6270
asado,6271
capocollo,6272
chateaubriand,6273
punt,6274
me,6275
filippi,6276
memorabilia,6277
juke,6278
pastissada,6279
caval,6280
gelato,6281
spiritoso,6282
capitan,6283
fifteen,6284
porcelli,6285
ii,6286
broader,6287
opportun,6288
vistamar,6289
romagnol,6290
ottagono,6291
suvereto,6292
vigevano,6293
gerli,6294
miranes,6295
mostarda,6296
cogliardo,6297
rapini,6298
avocado,6299
cashew,6300
sigilinium,6301
chose,6302
mediterraneo,6303
scoprir,6304
will,6305
finer,6306
sfoglia,6307
flake,6308
castelvecchio,6309
abocar,6310
argentin,6311
apprenticeship,6312
camilla,6313
stuffi,6314
armerina,6315
pansotti,6316
tuma,6317
crespi,6318
bertoli,6319
gerhard,6320
wieser,6321
florian,6322
gelliu,6323
opitergium,6324
breda,6325
lord,6326
byron,6327
marmi,6328
chequer,6329
zazzeri,6330
sudden,6331
cornerston,6332
contamin,6333
cava,6334
driver,6335
menegaldo,6336
handwritten,6337
baumgartn,6338
karl,6339
vertigin,6340
dual,6341
nogher,6342
manoppello,6343
scalo,6344
stall,6345
matscher,6346
proceed,6347
flaw,6348
umberto,6349
accursio,6350
criss,6351
lengthi,6352
spoltino,6353
layer,6354
spong,6355
kerm,6356
pud,6357
custard,6358
sliver,6359
musso,6360
gemma,6361
sandra,6362
valsassina,6363
fir,6364
hidalgo,6365
aomi,6366
wagyubeef,6367
therefor,6368
indigo,6369
hue,6370
dusk,6371
indaco,6372
lacco,6373
ameno,6374
casamicciola,6375
bacoli,6376
unfold,6377
palamaro,6378
vet,6379
circella,6380
1987,6381
galeata,6382
cipriani,6383
2003,6384
significantli,6385
azienda,6386
agrituristica,6387
sa,6388
mandra,6389
procedur,6390
venosa,6391
horatio,6392
1913,6393
chiesa,6394
mescafrancesca,6395
contron,6396
fossaceca,6397
neutral,6398
liveli,6399
senator,6400
cappelli,6401
spelt,6402
corn,6403
ownership,6404
patagonian,6405
women,6406
men,6407
golden,6408
josè,6409
bourbon,6410
silkworm,6411
lumira,6412
verdi,6413
sangiovesi,6414
lillybet,6415
floral,6416
quirinal,6417
roam,6418
vers,6419
chemistri,6420
misl,6421
outing,6422
marta,6423
grassi,6424
tantri,6425
malcesin,6426
leandro,6427
luppi,6428
qcina,6429
shorelin,6430
ferri,6431
dock,6432
organis,6433
salama,6434
pasticcio,6435
maccheroni,6436
est,6437
fossa,6438
perticara,6439
tortelloni,6440
padoan,6441
warrior,6442
6c,6443
bc,6444
capestrano,6445
1934,6446
block,6447
mysteri,6448
loft,6449
kalò,6450
secret,6451
salvo,6452
repubblica,6453
merlo,6454
spin,6455
filanda,6456
barbara,6457
ciaffagnon,6458
maritozzo,6459
mazzafegato,6460
escarol,6461
lesina,6462
revolv,6463
modifi,6464
pacif,6465
strombolicchio,6466
gondola,6467
tola,6468
rasa,6469
immortalis,6470
writer,6471
montal,6472
poetri,6473
doorway,6474
stem,6475
card,6476
byblo,6477
fattori,6478
poderi,6479
laghi,6480
campi,6481
pull,6482
pineappl,6483
salon,6484
colomb,6485
alessio,6486
longhini,6487
18ha,6488
pezzuto,6489
heroic,6490
carlofortinian,6491
garag,6492
drawer,6493
household,6494
troccoli,6495
salinari,6496
nina,6497
sformatino,6498
sfogliatina,6499
distinguish,6500
character,6501
solar,6502
baldo,6503
giasàra,6504
underground,6505
modernis,6506
orta,6507
guilio,6508
moorish,6509
equens,6510
entrecot,6511
wear,6512
costum,6513
flaminio,6514
io,6515
silva,6516
essenza,6517
practis,6518
orchestra,6519
lili,6520
impli,6521
vill,6522
luganega,6523
gremolata,6524
costoletta,6525
1848,6526
habsburg,6527
armi,6528
storico,6529
faveri,6530
50m,6531
bartolo,6532
sassoferrato,6533
jurist,6534
prototyp,6535
passag,6536
malatesta,6537
mudec,6538
vibe,6539
motiv,6540
cauldron,6541
maratea,6542
cason,6543
danc,6544
palmi,6545
vinaigrett,6546
intrusi,6547
offici,6548
chairman,6549
mao,6550
sansepolcro,6551
cordero,6552
elid,6553
giampiero,6554
1956,6555
januari,6556
superbl,6557
cappellaccio,6558
refriger,6559
beech,6560
sensat,6561
tantalis,6562
valtellina,6563
pinewood,6564
manger,6565
dop,6566
bitto,6567
brasato,6568
1945,6569
satnav,6570
olio,6571
bono,6572
brescian,6573
gaudenzio,6574
dens,6575
redcurr,6576
rubik,6577
signor,6578
lumpfish,6579
vallefredda,6580
underlin,6581
parkland,6582
lawn,6583
ghirlanda,6584
collin,6585
metallifer,6586
fatti,6587
bracali,6588
dioces,6589
refuge,6590
rotat,6591
catalogu,6592
girasoli,6593
frothi,6594
puccini,6595
pancetta,6596
gualtieri,6597
giglio,6598
1979,6599
cedron,6600
bertelli,6601
fortunato,6602
chatgpt,6603
stelvio,6604
pomegran,6605
deer,6606
consumpt,6607
masè,6608
tonic,6609
condit,6610
respit,6611
bergamot,6612
chioccia,6613
unpretenti,6614
imag,6615
caribbean,6616
tortuga,6617
chapel,6618
milda,6619
fischetti,6620
1988,6621
michelina,6622
granddaught,6623
falco,6624
vesta,6625
cibreo,6626
catherin,6627
attempt,6628
unsuccess,6629
export,6630
pezzo,6631
rospigliosi,6632
bernini,6633
cahssai,6634
marzano,6635
forget,6636
twenti,6637
valtellines,6638
todi,6639
sorbet,6640
maison,6641
sorrentino,6642
tagliata,6643
cantucci,6644
1126,6645
hilltop,6646
costabella,6647
suffic,6648
pale,6649
canderli,6650
ennio,6651
flaiano,6652
abruzzes,6653
torron,6654
oh,6655
pe,6656
maiellabi,6657
roofbeam,6658
hord,6659
venissa,6660
belltow,6661
mazzorbo,6662
dorona,6663
castraur,6664
burano,6665
lacemak,6666
pavan,6667
brutto,6668
ambiental,6669
contemporanea,6670
feltrinelli,6671
baiocco,6672
trophi,6673
villoresi,6674
vaiani,6675
hoteli,6676
mattei,6677
merit,6678
desiderio,6679
bruxaboschi,6680
1862,6681
justifi,6682
cima,6683
loaf,6684
picagg,6685
manduria,6686
primit,6687
vinilia,6688
cleverli,6689
penna,6690
erbett,6691
ferrares,6692
cristina,6693
bowerman,6694
paella,6695
donei,6696
intertwin,6697
holidaymak,6698
fassa,6699
parizzi,6700
passi,6701
cuor,6702
london,6703
agro,6704
pontino,6705
rosina,6706
marostica,6707
zass,6708
belgian,6709
aloi,6710
vanlangenaek,6711
john,6712
dori,6713
pianist,6714
vigiliu,6715
lana,6716
500m,6717
prosdocimi,6718
campiello,6719
buzara,6720
25,6721
galaxi,6722
berton,6723
brezza,6724
acquolina,6725
overcom,6726
obstacl,6727
summaris,6728
chaotic,6729
sanità,6730
oliva,6731
emilio,6732
fabrizia,6733
meroi,6734
verpai,6735
flow,6736
shortest,6737
asou,6738
così,6739
plissn,6740
needl,6741
whim,6742
shitak,6743
trendier,6744
gramigna,6745
rehabilit,6746
adult,6747
autist,6748
spectrum,6749
sopa,6750
coada,6751
orecchiett,6752
timelessli,6753
guà,6754
barchessa,6755
laundri,6756
moat,6757
tordelli,6758
lucchesi,6759
nutmeg,6760
costantini,6761
richli,6762
max,6763
raf,6764
1968,6765
teresa,6766
papa,6767
perata,6768
whitebait,6769
curri,6770
tomahawk,6771
ribey,6772
provolon,6773
bill,6774
vertical,6775
hosteria,6776
maial,6777
gastrofluvi,6778
bladder,6779
rind,6780
cucolo,6781
delizi,6782
pois,6783
livia,6784
ernesto,6785
campanella,6786
pupil,6787
dongiò,6788
anthoni,6789
astonish,6790
parallelsmenu,6791
1977,6792
chessa,6793
rivoluzion,6794
scorzon,6795
revel,6796
layout,6797
capo,6798
gala,6799
inclement,6800
uncompl,6801
1804,6802
astut,6803
italo,6804
bassi,6805
fiori,6806
michelino,6807
gioia,6808
sciò,6809
pellicano,6810
christma,6811
pile,6812
ugolotti,6813
pour,6814
antechamb,6815
tricesimo,6816
burn,6817
fogher,6818
frigoriferi,6819
milanesi,6820
prosecco,6821
condo,6822
boffa,6823
accumul,6824
purest,6825
annunziata,6826
pata,6827
negra,6828
manchego,6829
omelett,6830
mayb,6831
casano,6832
fiamma,6833
pantesco,6834
vallicella,6835
pipero,6836
scamardella,6837
shone,6838
miraval,6839
sizzl,6840
aisl,6841
gianfilippo,6842
arancina,6843
caciocavallo,6844
shipyard,6845
armani,6846
backlit,6847
onyx,6848
cerea,6849
protagonist,6850
bergamasca,6851
soften,6852
gong,6853
vin,6854
gâteau,6855
arnei,6856
battuta,6857
mame,6858
zanini,6859
tenet,6860
alzaia,6861
rizzuto,6862
mar,6863
ionio,6864
natal,6865
pallon,6866
attanasio,6867
patch,6868
petit,6869
metalwork,6870
fiorella,6871
stunningli,6872
fiordilatt,6873
cantin,6874
nervi,6875
felix,6876
basso,6877
clue,6878
comacina,6879
balbianello,6880
commerci,6881
inter,6882
dominican,6883
1442,6884
capelli,6885
benedetto,6886
cavalieri,6887
angel,6888
hair,6889
galateo,6890
toblino,6891
lama,6892
monachil,6893
jamantè,6894
guess,6895
perugia,6896
omit,6897
articl,6898
preposit,6899
calamaro,6900
piselli,6901
letter,6902
raia,6903
180,6904
hectar,6905
novi,6906
ligur,6907
cairo,6908
steiner,6909
employe,6910
benefit,6911
ecosystem,6912
sei,6913
crow,6914
devetak,6915
tuesday,6916
mellino,6917
ran,6918
hen,6919
quattro,6920
roquefort,6921
creativo,6922
byzantin,6923
pagliazza,6924
rocco,6925
santi,6926
flavia,6927
quel,6928
scordo,6929
2014,6930
3c,6931
passageway,6932
levanto,6933
1939,6934
augurio,6935
romana,6936
initi,6937
natalini,6938
tartlet,6939
spoleto,6940
bellaria,6941
coxinendi,6942
atzeni,6943
formichella,6944
timber,6945
ala,6946
montecristo,6947
argentario,6948
acireal,6949
mount,6950
uninterest,6951
blason,6952
nicastro,6953
lamezia,6954
steve,6955
geniu,6956
carmelo,6957
trentacosti,6958
logo,6959
grate,6960
torregrotta,6961
papi,6962
stelio,6963
sakali,6964
greec,6965
acorn,6966
saganaki,6967
recur,6968
craparo,6969
oltr,6970
fazio,6971
soverato,6972
broast,6973
frisel,6974
18,6975
renzi,6976
sulmona,6977
orsosemifreddo,6978
gioconda,6979
rebirth,6980
conceiv,6981
francescana,6982
sheer,6983
enbogonè,6984
borlotti,6985
gianfranco,6986
fino,6987
tuff,6988
profeta,6989
es,6990
ruffano,6991
leocorno,6992
contrada,6993
langella,6994
erborinato,6995
teapot,6996
leather,6997
chamber,6998
lyche,6999
staf,7000
scopiccio,7001
hong,7002
kong,7003
suzzara,7004
etra,7005
anagram,7006
fornari,7007
rolli,7008
cannavino,7009
consolid,7010
villani,7011
uncompromis,7012
acquapetra,7013
aqua,7014
masaki,7015
kuroda,7016
serendipico,7017
capannori,7018
osashimi,7019
teishokuset,7020
apprentic,7021
verbena,7022
brazier,7023
screen,7024
solociccia,7025
specif,7026
trucco,7027
roia,7028
ventimiglia,7029
chiavari,7030
satoshi,7031
hazama,7032
pleasingli,7033
sordi,7034
amaro,7035
matriciana,7036
eatali,7037
shaken,7038
fishhead,7039
gut,7040
pell,7041
solo,7042
chicco,7043
unconvent,7044
povera,7045
dresser,7046
manzoni,7047
gallar,7048
immacolata,7049
murges,7050
prosciutto,7051
firstli,7052
secondli,7053
tad,7054
marca,7055
frût,7056
pow,7057
morti,7058
rick,7059
guancial,7060
cohes,7061
brindo,7062
realiti,7063
enel,7064
remodel,7065
dsquared2,7066
brass,7067
regal,7068
reggia,7069
venaria,7070
bettelmatt,7071
patti,7072
vieni,7073
adriatico,7074
credenti,7075
boost,7076
karim,7077
lopez,7078
takahiko,7079
kondo,7080
nostri,7081
nostr,7082
nuov,7083
breve,7084
gucci,7085
hassler,7086
antonini,7087
skirt,7088
maniago,7089
morello,7090
verg,7091
skate,7092
widespread,7093
grassland,7094
perez,7095
pompei,7096
sagramoso,7097
timbal,7098
muscat,7099
woodsmok,7100
cilenti,7101
hoc,7102
porcelain,7103
manicon,7104
curli,7105
moirago,7106
1250,7107
1478,7108
olbia,7109
dynasti,7110
norbert,7111
niederkofl,7112
toè,7113
sforzesco,7114
viu,7115
bulk,7116
90,7117
impronta,7118
speranzina,7119
espelett,7120
gobbetto,7121
geröstl,7122
tirtlan,7123
pancak,7124
cajinci,7125
ega,7126
bacaro,7127
antinori,7128
notabl,7129
pete,7130
marko,7131
jame,7132
joyc,7133
coron,7134
lumen,7135
photographi,7136
riscon,7137
150m,7138
nb,7139
5pm,7140
trabetti,7141
beata,7142
safari,7143
alcherm,7144
cat,7145
montes,7146
melandri,7147
acereta,7148
prophet,7149
hernan,7150
footbal,7151
championship,7152
outset,7153
molaro,7154
subject,7155
betancourt,7156
venezuela,7157
koji,7158
bolgheri,7159
acciderba,7160
croton,7161
ercol,7162
tang,7163
torsiello,7164
valva,7165
gragnono,7166
cusago,7167
orlando,7168
bollita,7169
trumpet,7170
benaco,7171
duo,7172
ghedini,7173
pelizzari,7174
quarter,7175
ricci,7176
icehous,7177
newer,7178
spumon,7179
parlour,7180
arborina,7181
fernando,7182
forino,7183
vodka,7184
aic,7185
coeliac,7186
workmanship,7187
moriggi,7188
captur,7189
empanada,7190
affogato,7191
eala,7192
morer,7193
alserio,7194
landmark,7195
pillow,7196
pescocostanzo,7197
bacon,7198
siviero,7199
piergiorgio,7200
dna,7201
liquida,7202
amidst,7203
boulder,7204
sculpt,7205
tantal,7206
cramp,7207
calderino,7208
marconi,7209
lanzellotti,7210
smetana,7211
vittorial,7212
silvestro,7213
taurasi,7214
pension,7215
piacentin,7216
colder,7217
proverbi,7218
seggiano,7219
flask,7220
